{
  "type": {
    "type": "databank:block",
    "drop_original_loot_condition": {
  "type": "databank:not",
  "condition": {
    "type": "databank:actual_player"
  }
},
    "hidden_as": "minecraft:air",
    "original": "pastel:quitoxic_reeds",
    "overrides": [
      {
        "drop_original_loot_condition": {
          "type": "databank:actual_player"
        },
        "hidden_as": "minecraft:water",
        "predicate": {
          "fluid_logged": "water"
        }
      },
      {
        "drop_original_loot_condition": {
          "type": "databank:actual_player"
        },
        "hidden_as": "pastel:liquid_crystal",
        "predicate": {
          "fluid_logged": "liquid_crystal"
        }
      }
    ]
  },
  "condition": {
    "type": "databank:advancement",
    "advancement": "pastel:milestones/reveal_quitoxic_reeds"
  }
}