{
	"credit": "Made with Blockbench",
	"ambientocclusion": false,
	"textures": {
		"0": "block/allium",
		"particle": "item/allium"
	},
	"elements": [
		{
			"from": [7.5, 0, 8],
			"to": [8.5, 10, 8],
			"rotation": {"angle": 45, "axis": "y", "origin": [8, 5, 8]},
			"faces": {
				"north": {"uv": [12, 6, 13, 16], "texture": "#0"},
				"east": {"uv": [12, 6, 13, 16], "texture": "#0"},
				"south": {"uv": [12, 6, 13, 16], "texture": "#0"},
				"west": {"uv": [12, 6, 13, 16], "texture": "#0"},
				"up": {"uv": [12, 6, 13, 16], "texture": "#0"},
				"down": {"uv": [12, 6, 13, 16], "texture": "#0"}
			}
		},
		{
			"from": [7.5, 0, 8],
			"to": [8.5, 10, 8],
			"rotation": {"angle": -45, "axis": "y", "origin": [8, 5, 8]},
			"faces": {
				"north": {"uv": [12, 6, 13, 16], "texture": "#0"},
				"east": {"uv": [12, 6, 13, 16], "texture": "#0"},
				"south": {"uv": [12, 6, 13, 16], "texture": "#0"},
				"west": {"uv": [12, 6, 13, 16], "texture": "#0"},
				"up": {"uv": [12, 6, 13, 16], "texture": "#0"},
				"down": {"uv": [12, 6, 13, 16], "texture": "#0"}
			}
		},
		{
			"from": [5, 0, 4],
			"to": [11, 0, 8],
			"rotation": {"angle": 22.5, "axis": "x", "origin": [8, 0, 8]},
			"faces": {
				"north": {"uv": [0, 12, 6, 16], "texture": "#0"},
				"east": {"uv": [0, 12, 6, 16], "texture": "#0"},
				"south": {"uv": [0, 12, 6, 16], "texture": "#0"},
				"west": {"uv": [0, 12, 6, 16], "texture": "#0"},
				"up": {"uv": [0, 12, 6, 16], "texture": "#0"},
				"down": {"uv": [0, 12, 6, 16], "rotation": 180, "texture": "#0"}
			}
		},
		{
			"from": [5, 0, 8],
			"to": [11, 0, 12],
			"rotation": {"angle": -22.5, "axis": "x", "origin": [8, 0, 8]},
			"faces": {
				"north": {"uv": [0, 12, 6, 16], "texture": "#0"},
				"east": {"uv": [0, 12, 6, 16], "texture": "#0"},
				"south": {"uv": [0, 12, 6, 16], "texture": "#0"},
				"west": {"uv": [0, 12, 6, 16], "texture": "#0"},
				"up": {"uv": [0, 12, 6, 16], "rotation": 180, "texture": "#0"},
				"down": {"uv": [0, 12, 6, 16], "texture": "#0"}
			}
		},
		{
			"from": [8, 0, 5],
			"to": [12, 0, 11],
			"rotation": {"angle": 22.5, "axis": "z", "origin": [8, 0, 8]},
			"faces": {
				"north": {"uv": [6, 12, 12, 16], "rotation": 90, "texture": "#0"},
				"east": {"uv": [6, 12, 12, 16], "rotation": 90, "texture": "#0"},
				"south": {"uv": [6, 12, 12, 16], "rotation": 90, "texture": "#0"},
				"west": {"uv": [6, 12, 12, 16], "rotation": 90, "texture": "#0"},
				"up": {"uv": [6, 12, 12, 16], "rotation": 90, "texture": "#0"},
				"down": {"uv": [6, 12, 12, 16], "rotation": 90, "texture": "#0"}
			}
		},
		{
			"from": [4, 0, 5],
			"to": [8, 0, 11],
			"rotation": {"angle": -22.5, "axis": "z", "origin": [8, 0, 8]},
			"faces": {
				"north": {"uv": [6, 12, 12, 16], "rotation": 90, "texture": "#0"},
				"east": {"uv": [6, 12, 12, 16], "rotation": 90, "texture": "#0"},
				"south": {"uv": [6, 12, 12, 16], "rotation": 90, "texture": "#0"},
				"west": {"uv": [6, 12, 12, 16], "rotation": 90, "texture": "#0"},
				"up": {"uv": [6, 12, 12, 16], "rotation": 270, "texture": "#0"},
				"down": {"uv": [6, 12, 12, 16], "rotation": 270, "texture": "#0"}
			}
		},
		{
			"from": [6, 10, 6],
			"to": [10, 14, 10],
			"faces": {
				"north": {"uv": [0, 4, 4, 8], "texture": "#0"},
				"east": {"uv": [4, 4, 8, 8], "texture": "#0"},
				"south": {"uv": [0, 4, 4, 8], "texture": "#0"},
				"west": {"uv": [4, 4, 8, 8], "texture": "#0"},
				"up": {"uv": [0, 0, 4, 4], "texture": "#0"},
				"down": {"uv": [4, 0, 8, 4], "texture": "#0"}
			}
		},
		{
			"from": [5.75, 9.75, 5.75],
			"to": [10.25, 14.25, 10.25],
			"faces": {
				"north": {"uv": [12, 0, 16, 4], "texture": "#0"},
				"east": {"uv": [12, 0, 16, 4], "texture": "#0"},
				"south": {"uv": [12, 0, 16, 4], "texture": "#0"},
				"west": {"uv": [12, 0, 16, 4], "texture": "#0"},
				"up": {"uv": [8, 0, 12, 4], "texture": "#0"},
				"down": {"uv": [0, 8, 4, 12], "texture": "#0"}
			}
		},
		{
			"from": [10.25, 14.25, 10.25],
			"to": [5.75, 9.75, 5.75],
			"faces": {
				"north": {"uv": [12, 4, 16, 0], "texture": "#0"},
				"east": {"uv": [12, 4, 16, 0], "texture": "#0"},
				"south": {"uv": [12, 4, 16, 0], "texture": "#0"},
				"west": {"uv": [12, 4, 16, 0], "texture": "#0"},
				"up": {"uv": [0, 8, 4, 12], "texture": "#0"},
				"down": {"uv": [12, 0, 16, 4], "texture": "#0"}
			}
		}
	]
}