{
	"credit": "Made with Blockbench",
	"ambientocclusion": false,
	"textures": {
		"0": "block/azure_bluet_stem",
		"1": "block/azure_bluet_flowers",
		"particle": "item/azure_bluet"
	},
	"elements": [
		{
			"from": [3, 0, 8],
			"to": [13, 10, 8],
			"rotation": {"angle": 45, "axis": "y", "origin": [8, 5, 8]},
			"faces": {
				"north": {"uv": [6, 6, 16, 16], "texture": "#0"},
				"east": {"uv": [6, 6, 16, 16], "texture": "#0"},
				"south": {"uv": [16, 6, 6, 16], "texture": "#0"},
				"west": {"uv": [6, 6, 16, 16], "texture": "#0"},
				"up": {"uv": [6, 6, 16, 16], "texture": "#0"},
				"down": {"uv": [6, 6, 16, 16], "texture": "#0"}
			}
		},
		{
			"from": [3, 0, 8],
			"to": [13, 10, 8],
			"rotation": {"angle": -45, "axis": "y", "origin": [8, 5, 8]},
			"faces": {
				"north": {"uv": [6, 6, 16, 16], "texture": "#0"},
				"east": {"uv": [6, 6, 16, 16], "texture": "#0"},
				"south": {"uv": [6, 6, 16, 16], "texture": "#0"},
				"west": {"uv": [6, 6, 16, 16], "texture": "#0"},
				"up": {"uv": [6, 6, 16, 16], "texture": "#0"},
				"down": {"uv": [6, 6, 16, 16], "texture": "#0"}
			}
		},
		{
			"from": [4, 3, 5.25],
			"to": [12, 11, 5.25],
			"rotation": {"angle": 45, "axis": "x", "origin": [8, 7, 6]},
			"faces": {
				"north": {"uv": [0, 8, 8, 16], "texture": "#1"},
				"east": {"uv": [0, 8, 8, 16], "texture": "#1"},
				"south": {"uv": [0, 8, 8, 16], "texture": "#1"},
				"west": {"uv": [0, 8, 8, 16], "texture": "#1"},
				"up": {"uv": [0, 8, 8, 16], "texture": "#1"},
				"down": {"uv": [0, 8, 8, 16], "texture": "#1"}
			}
		},
		{
			"from": [4, 3, 6.25],
			"to": [12, 11, 6.25],
			"rotation": {"angle": 45, "axis": "x", "origin": [8, 7, 6]},
			"faces": {
				"north": {"uv": [8, 8, 16, 16], "texture": "#1"},
				"east": {"uv": [8, 8, 16, 16], "texture": "#1"},
				"south": {"uv": [8, 8, 16, 16], "texture": "#1"},
				"west": {"uv": [8, 8, 16, 16], "texture": "#1"},
				"up": {"uv": [8, 8, 16, 16], "texture": "#1"},
				"down": {"uv": [8, 8, 16, 16], "texture": "#1"}
			}
		},
		{
			"from": [4, 10.75, 4],
			"to": [12, 10.75, 12],
			"rotation": {"angle": 45, "axis": "x", "origin": [8, 7, 6]},
			"faces": {
				"north": {"uv": [0, 8, 8, 16], "rotation": 180, "texture": "#1"},
				"east": {"uv": [0, 8, 8, 16], "rotation": 180, "texture": "#1"},
				"south": {"uv": [0, 8, 8, 16], "rotation": 180, "texture": "#1"},
				"west": {"uv": [0, 8, 8, 16], "rotation": 180, "texture": "#1"},
				"up": {"uv": [0, 8, 8, 16], "rotation": 180, "texture": "#1"},
				"down": {"uv": [0, 8, 8, 16], "rotation": 180, "texture": "#1"}
			}
		},
		{
			"from": [4, 9.75, 4],
			"to": [12, 9.75, 12],
			"rotation": {"angle": 45, "axis": "x", "origin": [8, 7, 6]},
			"faces": {
				"north": {"uv": [8, 8, 16, 16], "rotation": 180, "texture": "#1"},
				"east": {"uv": [8, 8, 16, 16], "rotation": 180, "texture": "#1"},
				"south": {"uv": [8, 8, 16, 16], "rotation": 180, "texture": "#1"},
				"west": {"uv": [8, 8, 16, 16], "rotation": 180, "texture": "#1"},
				"up": {"uv": [8, 8, 16, 16], "rotation": 180, "texture": "#1"},
				"down": {"uv": [8, 8, 16, 16], "rotation": 180, "texture": "#1"}
			}
		},
		{
			"from": [5, 3.75, 4],
			"to": [5, 11.75, 12],
			"rotation": {"angle": -45, "axis": "z", "origin": [5, 6.75, 8]},
			"faces": {
				"north": {"uv": [0, 0, 8, 8], "texture": "#1"},
				"east": {"uv": [0, 0, 8, 8], "texture": "#1"},
				"south": {"uv": [0, 0, 8, 8], "texture": "#1"},
				"west": {"uv": [0, 0, 8, 8], "texture": "#1"},
				"up": {"uv": [0, 0, 8, 8], "texture": "#1"},
				"down": {"uv": [0, 0, 8, 8], "texture": "#1"}
			}
		},
		{
			"from": [6, 3.75, 4],
			"to": [6, 11.75, 12],
			"rotation": {"angle": -22.5, "axis": "z", "origin": [5, 6.75, 8]},
			"faces": {
				"north": {"uv": [8, 0, 16, 8], "texture": "#1"},
				"east": {"uv": [8, 0, 16, 8], "texture": "#1"},
				"south": {"uv": [8, 0, 16, 8], "texture": "#1"},
				"west": {"uv": [8, 0, 16, 8], "texture": "#1"},
				"up": {"uv": [8, 0, 16, 8], "texture": "#1"},
				"down": {"uv": [8, 0, 16, 8], "texture": "#1"}
			}
		},
		{
			"from": [10, 3.75, 4],
			"to": [10, 11.75, 12],
			"rotation": {"angle": 22.5, "axis": "z", "origin": [11, 8.75, 8]},
			"faces": {
				"north": {"uv": [0, 0, 8, 8], "texture": "#1"},
				"east": {"uv": [0, 0, 8, 8], "texture": "#1"},
				"south": {"uv": [0, 0, 8, 8], "texture": "#1"},
				"west": {"uv": [0, 0, 8, 8], "texture": "#1"},
				"up": {"uv": [0, 0, 8, 8], "texture": "#1"},
				"down": {"uv": [0, 0, 8, 8], "texture": "#1"}
			}
		},
		{
			"from": [9, 3.75, 4],
			"to": [9, 11.75, 12],
			"rotation": {"angle": 22.5, "axis": "z", "origin": [11, 8.75, 8]},
			"faces": {
				"north": {"uv": [8, 0, 16, 8], "texture": "#1"},
				"east": {"uv": [8, 0, 16, 8], "texture": "#1"},
				"south": {"uv": [8, 0, 16, 8], "texture": "#1"},
				"west": {"uv": [8, 0, 16, 8], "texture": "#1"},
				"up": {"uv": [8, 0, 16, 8], "texture": "#1"},
				"down": {"uv": [8, 0, 16, 8], "texture": "#1"}
			}
		}
	]
}