{
	"credit": "Made with Blockbench",
	"ambientocclusion": false,
	"textures": {
		"0": "block/blue_orchid",
		"particle": "item/blue_orchid"
	},
	"elements": [
		{
			"from": [3, 0, 8],
			"to": [13, 13, 8],
			"rotation": {"angle": 45, "axis": "y", "origin": [8, 8, 8]},
			"faces": {
				"north": {"uv": [6, 3, 16, 16], "texture": "#0"},
				"east": {"uv": [6, 3, 6, 16], "texture": "#0"},
				"south": {"uv": [16, 3, 6, 16], "texture": "#0"},
				"west": {"uv": [6, 6, 6, 19], "texture": "#0"},
				"up": {"uv": [16, 6, 6, 6], "texture": "#0"},
				"down": {"uv": [16, 6, 6, 6], "texture": "#0"}
			}
		},
		{
			"from": [3, 0, 8],
			"to": [13, 13, 8],
			"rotation": {"angle": -45, "axis": "y", "origin": [8, 8, 8]},
			"faces": {
				"north": {"uv": [6, 3, 16, 16], "texture": "#0"},
				"east": {"uv": [16, 6, 6, 16], "texture": "#0"},
				"south": {"uv": [16, 3, 6, 16], "texture": "#0"},
				"west": {"uv": [16, 6, 6, 16], "texture": "#0"},
				"up": {"uv": [16, 6, 6, 16], "texture": "#0"},
				"down": {"uv": [16, 6, 6, 16], "texture": "#0"}
			}
		},
		{
			"from": [9, 7, 5],
			"to": [14, 12, 5],
			"rotation": {"angle": 22.5, "axis": "x", "origin": [9.5, 8.5, 5]},
			"faces": {
				"north": {"uv": [0, 9, 5, 14], "texture": "#0"},
				"east": {"uv": [0, 9, 5, 14], "texture": "#0"},
				"south": {"uv": [0, 9, 5, 14], "texture": "#0"},
				"west": {"uv": [0, 9, 5, 14], "texture": "#0"},
				"up": {"uv": [0, 9, 5, 14], "texture": "#0"},
				"down": {"uv": [0, 9, 5, 14], "texture": "#0"}
			}
		},
		{
			"from": [8.5, 7, 11.25],
			"to": [12.5, 11, 11.25],
			"rotation": {"angle": -22.5, "axis": "x", "origin": [10.5, 8, 11]},
			"faces": {
				"north": {"uv": [0, 5, 4, 9], "texture": "#0"},
				"east": {"uv": [0, 5, 4, 9], "texture": "#0"},
				"south": {"uv": [0, 5, 4, 9], "texture": "#0"},
				"west": {"uv": [0, 5, 4, 9], "texture": "#0"},
				"up": {"uv": [0, 5, 4, 9], "texture": "#0"},
				"down": {"uv": [0, 5, 4, 9], "texture": "#0"}
			}
		},
		{
			"from": [2, 9, 12],
			"to": [7, 14, 12],
			"rotation": {"angle": -22.5, "axis": "x", "origin": [4.5, 11.5, 12]},
			"faces": {
				"north": {"uv": [0, 9, 5, 14], "texture": "#0"},
				"east": {"uv": [0, 0, 5, 5], "texture": "#0"},
				"south": {"uv": [0, 0, 5, 5], "texture": "#0"},
				"west": {"uv": [0, 0, 5, 5], "texture": "#0"},
				"up": {"uv": [0, 0, 5, 5], "texture": "#0"},
				"down": {"uv": [0, 0, 5, 5], "texture": "#0"}
			}
		},
		{
			"from": [10, 10, 6.5],
			"to": [10, 15, 11.5],
			"rotation": {"angle": 45, "axis": "z", "origin": [9.5, 12.5, 9]},
			"faces": {
				"north": {"uv": [0, 0, 5, 5], "texture": "#0"},
				"east": {"uv": [0, 0, 5, 5], "texture": "#0"},
				"south": {"uv": [0, 0, 5, 5], "texture": "#0"},
				"west": {"uv": [0, 9, 5, 14], "texture": "#0"},
				"up": {"uv": [0, 0, 5, 5], "texture": "#0"},
				"down": {"uv": [0, 0, 5, 5], "texture": "#0"}
			}
		},
		{
			"from": [4.25, 10, 2.5],
			"to": [4.25, 14, 6.5],
			"rotation": {"angle": -45, "axis": "z", "origin": [4.5, 11.5, 4]},
			"faces": {
				"north": {"uv": [0, 5, 4, 9], "texture": "#0"},
				"east": {"uv": [0, 5, 4, 9], "texture": "#0"},
				"south": {"uv": [0, 5, 4, 9], "texture": "#0"},
				"west": {"uv": [0, 5, 4, 9], "texture": "#0"},
				"up": {"uv": [0, 5, 4, 9], "texture": "#0"},
				"down": {"uv": [0, 5, 4, 9], "texture": "#0"}
			}
		},
		{
			"from": [5.75, 4, 9.5],
			"to": [5.75, 8, 13.5],
			"rotation": {"angle": -22.5, "axis": "z", "origin": [5.75, 6, 11.5]},
			"faces": {
				"north": {"uv": [0, 5, 4, 9], "texture": "#0"},
				"east": {"uv": [0, 5, 4, 9], "texture": "#0"},
				"south": {"uv": [0, 5, 4, 9], "texture": "#0"},
				"west": {"uv": [0, 5, 4, 9], "texture": "#0"},
				"up": {"uv": [0, 5, 4, 9], "texture": "#0"},
				"down": {"uv": [0, 5, 4, 9], "texture": "#0"}
			}
		}
	]
}