{
	"credit": "Made with Blockbench",
	"ambientocclusion": false,
	"textures": {
		"0": "block/cornflower",
		"particle": "item/cornflower"
	},
	"elements": [
		{
			"from": [4, 0, 8],
			"to": [12, 8, 8],
			"rotation": {"angle": 45, "axis": "y", "origin": [8, 4, 8]},
			"faces": {
				"north": {"uv": [8, 8, 16, 16], "texture": "#0"},
				"east": {"uv": [8, 8, 16, 16], "texture": "#0"},
				"south": {"uv": [16, 8, 8, 16], "texture": "#0"},
				"west": {"uv": [8, 8, 16, 16], "texture": "#0"},
				"up": {"uv": [8, 8, 16, 16], "texture": "#0"},
				"down": {"uv": [8, 8, 16, 16], "texture": "#0"}
			}
		},
		{
			"from": [4, 0, 8],
			"to": [12, 8, 8],
			"rotation": {"angle": -45, "axis": "y", "origin": [8, 4, 8]},
			"faces": {
				"north": {"uv": [16, 8, 8, 16], "texture": "#0"},
				"east": {"uv": [8, 8, 16, 16], "texture": "#0"},
				"south": {"uv": [8, 8, 16, 16], "texture": "#0"},
				"west": {"uv": [8, 8, 16, 16], "texture": "#0"},
				"up": {"uv": [8, 8, 16, 16], "texture": "#0"},
				"down": {"uv": [8, 8, 16, 16], "texture": "#0"}
			}
		},
		{
			"from": [4, 10, 5],
			"to": [8, 10, 11],
			"rotation": {"angle": -22.5, "axis": "z", "origin": [8, 10, 8]},
			"faces": {
				"north": {"uv": [0, 4, 6, 8], "rotation": 270, "texture": "#0"},
				"east": {"uv": [0, 4, 6, 8], "rotation": 270, "texture": "#0"},
				"south": {"uv": [0, 4, 6, 8], "rotation": 270, "texture": "#0"},
				"west": {"uv": [0, 4, 6, 8], "rotation": 270, "texture": "#0"},
				"up": {"uv": [0, 4, 6, 8], "rotation": 270, "texture": "#0"},
				"down": {"uv": [0, 4, 6, 8], "rotation": 270, "texture": "#0"}
			}
		},
		{
			"from": [5, 10, 8],
			"to": [11, 10, 12],
			"rotation": {"angle": -22.5, "axis": "x", "origin": [8, 10, 8]},
			"faces": {
				"north": {"uv": [0, 0, 6, 4], "texture": "#0"},
				"east": {"uv": [0, 0, 6, 4], "texture": "#0"},
				"south": {"uv": [0, 0, 6, 4], "texture": "#0"},
				"west": {"uv": [0, 0, 6, 4], "texture": "#0"},
				"up": {"uv": [0, 0, 6, 4], "rotation": 180, "texture": "#0"},
				"down": {"uv": [0, 4, 6, 0], "rotation": 180, "texture": "#0"}
			}
		},
		{
			"from": [4, 10, 4],
			"to": [12, 10, 12],
			"rotation": {"angle": 0, "axis": "x", "origin": [8, 6, 8]},
			"faces": {
				"north": {"uv": [0, 8, 8, 16], "rotation": 90, "texture": "#0"},
				"east": {"uv": [0, 8, 8, 16], "rotation": 90, "texture": "#0"},
				"south": {"uv": [0, 8, 8, 16], "rotation": 90, "texture": "#0"},
				"west": {"uv": [0, 8, 8, 16], "rotation": 90, "texture": "#0"},
				"up": {"uv": [0, 8, 8, 16], "rotation": 90, "texture": "#0"},
				"down": {"uv": [0, 8, 8, 16], "rotation": 90, "texture": "#0"}
			}
		},
		{
			"from": [8, 10, 5],
			"to": [12, 10, 11],
			"rotation": {"angle": 22.5, "axis": "z", "origin": [8, 10, 8]},
			"faces": {
				"north": {"uv": [0, 4, 6, 8], "rotation": 90, "texture": "#0"},
				"east": {"uv": [0, 4, 6, 8], "rotation": 90, "texture": "#0"},
				"south": {"uv": [0, 4, 6, 8], "rotation": 90, "texture": "#0"},
				"west": {"uv": [0, 4, 6, 8], "rotation": 90, "texture": "#0"},
				"up": {"uv": [0, 4, 6, 8], "rotation": 90, "texture": "#0"},
				"down": {"uv": [0, 4, 6, 8], "rotation": 90, "texture": "#0"}
			}
		},
		{
			"from": [5, 10, 4],
			"to": [11, 10, 8],
			"rotation": {"angle": 22.5, "axis": "x", "origin": [8, 10, 8]},
			"faces": {
				"north": {"uv": [0, 0, 6, 4], "texture": "#0"},
				"east": {"uv": [0, 0, 6, 4], "texture": "#0"},
				"south": {"uv": [0, 0, 6, 4], "texture": "#0"},
				"west": {"uv": [0, 0, 6, 4], "texture": "#0"},
				"up": {"uv": [0, 0, 6, 4], "texture": "#0"},
				"down": {"uv": [0, 4, 6, 0], "texture": "#0"}
			}
		},
		{
			"from": [7, 8, 7],
			"to": [9, 10, 9],
			"faces": {
				"north": {"uv": [14, 0, 16, 2], "texture": "#0"},
				"east": {"uv": [14, 0, 16, 2], "texture": "#0"},
				"south": {"uv": [14, 0, 16, 2], "texture": "#0"},
				"west": {"uv": [14, 0, 16, 2], "texture": "#0"},
				"down": {"uv": [12, 0, 14, 2], "texture": "#0"}
			}
		},
		{
			"from": [6.5, 10, 6.5],
			"to": [9.5, 13, 9.5],
			"faces": {
				"north": {"uv": [10, 3, 13, 6], "texture": "#0"},
				"east": {"uv": [11, 3, 14, 6], "texture": "#0"},
				"south": {"uv": [10, 3, 13, 6], "texture": "#0"},
				"west": {"uv": [11, 3, 14, 6], "texture": "#0"}
			}
		},
		{
			"from": [9.5, 13, 9.5],
			"to": [6.5, 10, 6.5],
			"faces": {
				"north": {"uv": [10, 6, 13, 3], "texture": "#0"},
				"east": {"uv": [11, 6, 14, 3], "texture": "#0"},
				"south": {"uv": [10, 6, 13, 3], "texture": "#0"},
				"west": {"uv": [11, 6, 14, 3], "texture": "#0"}
			}
		},
		{
			"from": [7, 2, 8.75],
			"to": [9, 9, 8.75],
			"rotation": {"angle": 22.5, "axis": "x", "origin": [8, 2, 8.75]},
			"faces": {
				"north": {"uv": [6, 0, 8, 7], "texture": "#0"},
				"east": {"uv": [6, 0, 8, 7], "texture": "#0"},
				"south": {"uv": [6, 0, 8, 7], "texture": "#0"},
				"west": {"uv": [6, 0, 8, 7], "texture": "#0"},
				"up": {"uv": [6, 0, 8, 7], "texture": "#0"},
				"down": {"uv": [6, 0, 8, 7], "texture": "#0"}
			}
		}
	]
}