{
	"credit": "Made with Blockbench",
	"ambientocclusion": false,
	"texture_size": [32, 32],
	"textures": {
		"0": "block/lilac",
		"particle": "item/lilac"
	},
	"elements": [
		{
			"from": [0.8, 0, 8],
			"to": [15.2, 16, 8],
			"rotation": {"angle": 45, "axis": "y", "origin": [8, -8, 8], "rescale": true},
			"faces": {
				"north": {"uv": [8, 0, 16, 8], "texture": "#0"},
				"east": {"uv": [8, 0, 16, 8], "texture": "#0"},
				"south": {"uv": [16, 0, 8, 8], "texture": "#0"},
				"west": {"uv": [8, 0, 16, 8], "texture": "#0"},
				"up": {"uv": [8, 0, 16, 8], "texture": "#0"},
				"down": {"uv": [8, 0, 16, 8], "texture": "#0"}
			}
		},
		{
			"from": [8, 0, 0.8],
			"to": [8, 16, 15.2],
			"rotation": {"angle": 45, "axis": "y", "origin": [8, -8, 8], "rescale": true},
			"faces": {
				"north": {"uv": [8, 0, 16, 8], "texture": "#0"},
				"east": {"uv": [8, 0, 16, 8], "texture": "#0"},
				"south": {"uv": [8, 0, 16, 8], "texture": "#0"},
				"west": {"uv": [16, 0, 8, 8], "texture": "#0"},
				"up": {"uv": [8, 0, 16, 8], "texture": "#0"},
				"down": {"uv": [8, 0, 16, 8], "texture": "#0"}
			}
		},
		{
			"from": [12.5, 4, 4.75],
			"to": [18, 6.5, 7.25],
			"rotation": {"angle": 22.5, "axis": "y", "origin": [8, -8, 8]},
			"faces": {
				"north": {"uv": [0, 4, 2.5, 5], "texture": "#0"},
				"east": {"uv": [2.5, 4, 3.5, 5], "texture": "#0"},
				"south": {"uv": [0, 4, 2.5, 5], "texture": "#0"},
				"west": {"uv": [3.5, 4, 4.5, 5], "texture": "#0"},
				"up": {"uv": [0, 4, 2.5, 5], "rotation": 180, "texture": "#0"},
				"down": {"uv": [0, 4, 2.5, 5], "rotation": 180, "texture": "#0"}
			}
		},
		{
			"from": [12.75, 4.25, 5],
			"to": [17.75, 6.25, 7],
			"rotation": {"angle": 22.5, "axis": "y", "origin": [8, -8, 8]},
			"faces": {
				"north": {"uv": [0, 3, 2.5, 4], "texture": "#0"},
				"east": {"uv": [2.5, 3, 3.5, 4], "texture": "#0"},
				"south": {"uv": [0, 3, 2.5, 4], "texture": "#0"},
				"west": {"uv": [3.5, 3, 4.5, 4], "texture": "#0"},
				"up": {"uv": [0, 3, 2.5, 4], "rotation": 180, "texture": "#0"},
				"down": {"uv": [0, 3, 2.5, 4], "rotation": 180, "texture": "#0"}
			}
		},
		{
			"from": [11.75, 7.75, 6.75],
			"to": [18.25, 11.25, 10.25],
			"rotation": {"angle": 45, "axis": "y", "origin": [8, -8, 8]},
			"faces": {
				"north": {"uv": [3, 3, 0, 1.5], "texture": "#0"},
				"east": {"uv": [3, 1.5, 4.5, 3], "texture": "#0"},
				"south": {"uv": [0, 1.5, 3, 3], "texture": "#0"},
				"west": {"uv": [4.5, 1.5, 6, 3], "texture": "#0"},
				"up": {"uv": [0, 1.5, 3, 3], "rotation": 180, "texture": "#0"},
				"down": {"uv": [0, 1.5, 3, 3], "rotation": 180, "texture": "#0"}
			}
		},
		{
			"from": [12, 8, 7],
			"to": [18, 11, 10],
			"rotation": {"angle": 45, "axis": "y", "origin": [8, -8, 8]},
			"faces": {
				"north": {"uv": [0, 0, 3, 1.5], "texture": "#0"},
				"east": {"uv": [3, 0, 4.5, 1.5], "texture": "#0"},
				"south": {"uv": [0, 0, 3, 1.5], "texture": "#0"},
				"west": {"uv": [4.5, 0, 6, 1.5], "texture": "#0"},
				"up": {"uv": [0, 0, 3, 1.5], "rotation": 180, "texture": "#0"},
				"down": {"uv": [0, 0, 3, 1.5], "rotation": 180, "texture": "#0"}
			}
		},
		{
			"from": [1.75, -0.25, 6.75],
			"to": [7.25, 2.25, 9.25],
			"rotation": {"angle": 22.5, "axis": "y", "origin": [8, -8, 8]},
			"faces": {
				"north": {"uv": [0, 4, 2.5, 5], "texture": "#0"},
				"east": {"uv": [3.5, 4, 4.5, 5], "texture": "#0"},
				"south": {"uv": [0, 4, 2.5, 5], "texture": "#0"},
				"west": {"uv": [2.5, 4, 3.5, 5], "texture": "#0"},
				"up": {"uv": [0, 4, 2.5, 5], "texture": "#0"},
				"down": {"uv": [0, 4, 2.5, 5], "texture": "#0"}
			}
		},
		{
			"from": [2, 0, 7],
			"to": [7, 2, 9],
			"rotation": {"angle": 22.5, "axis": "y", "origin": [8, -8, 8]},
			"faces": {
				"north": {"uv": [0, 3, 2.5, 4], "texture": "#0"},
				"east": {"uv": [3.5, 3, 4.5, 4], "texture": "#0"},
				"south": {"uv": [0, 3, 2.5, 4], "texture": "#0"},
				"west": {"uv": [2.5, 3, 3.5, 4], "texture": "#0"},
				"up": {"uv": [0, 3, 2.5, 4], "texture": "#0"},
				"down": {"uv": [0, 3, 2.5, 4], "texture": "#0"}
			}
		},
		{
			"from": [-2.25, 2.25, 6.75],
			"to": [3.25, 4.75, 9.25],
			"rotation": {"angle": 45, "axis": "y", "origin": [8, -8, 8]},
			"faces": {
				"north": {"uv": [0, 4, 2.5, 5], "texture": "#0"},
				"east": {"uv": [3.5, 4, 4.5, 5], "texture": "#0"},
				"south": {"uv": [0, 4, 2.5, 5], "texture": "#0"},
				"west": {"uv": [2.5, 4, 3.5, 5], "texture": "#0"},
				"up": {"uv": [0, 4, 2.5, 5], "texture": "#0"},
				"down": {"uv": [0, 4, 2.5, 5], "texture": "#0"}
			}
		},
		{
			"from": [-2, 2.5, 7],
			"to": [3, 4.5, 9],
			"rotation": {"angle": 45, "axis": "y", "origin": [8, -8, 8]},
			"faces": {
				"north": {"uv": [0, 3, 2.5, 4], "texture": "#0"},
				"east": {"uv": [3.5, 3, 4.5, 4], "texture": "#0"},
				"south": {"uv": [0, 3, 2.5, 4], "texture": "#0"},
				"west": {"uv": [2.5, 3, 3.5, 4], "texture": "#0"},
				"up": {"uv": [0, 3, 2.5, 4], "texture": "#0"},
				"down": {"uv": [0, 3, 2.5, 4], "texture": "#0"}
			}
		},
		{
			"from": [10.5, 3, 7.75],
			"to": [16, 5.5, 10.25],
			"rotation": {"angle": -22.5, "axis": "y", "origin": [8, -8, 8]},
			"faces": {
				"north": {"uv": [0, 4, 2.5, 5], "texture": "#0"},
				"east": {"uv": [2.5, 4, 3.5, 5], "texture": "#0"},
				"south": {"uv": [0, 4, 2.5, 5], "texture": "#0"},
				"west": {"uv": [3.5, 4, 4.5, 5], "texture": "#0"},
				"up": {"uv": [0, 4, 2.5, 5], "rotation": 180, "texture": "#0"},
				"down": {"uv": [0, 4, 2.5, 5], "rotation": 180, "texture": "#0"}
			}
		},
		{
			"from": [10.75, 3.25, 8],
			"to": [15.75, 5.25, 10],
			"rotation": {"angle": -22.5, "axis": "y", "origin": [8, -8, 8]},
			"faces": {
				"north": {"uv": [0, 3, 2.5, 4], "texture": "#0"},
				"east": {"uv": [2.5, 3, 3.5, 4], "texture": "#0"},
				"south": {"uv": [0, 3, 2.5, 4], "texture": "#0"},
				"west": {"uv": [3.5, 3, 4.5, 4], "texture": "#0"},
				"up": {"uv": [0, 3, 2.5, 4], "rotation": 180, "texture": "#0"},
				"down": {"uv": [0, 3, 2.5, 4], "rotation": 180, "texture": "#0"}
			}
		},
		{
			"from": [10.75, 9.75, 6.75],
			"to": [17.25, 13.25, 10.25],
			"rotation": {"angle": -45, "axis": "y", "origin": [8, -8, 8]},
			"faces": {
				"north": {"uv": [3, 3, 0, 1.5], "texture": "#0"},
				"east": {"uv": [3, 1.5, 4.5, 3], "texture": "#0"},
				"south": {"uv": [0, 1.5, 3, 3], "texture": "#0"},
				"west": {"uv": [4.5, 1.5, 6, 3], "texture": "#0"},
				"up": {"uv": [0, 1.5, 3, 3], "rotation": 180, "texture": "#0"},
				"down": {"uv": [0, 1.5, 3, 3], "rotation": 180, "texture": "#0"}
			}
		},
		{
			"from": [11, 10, 7],
			"to": [17, 13, 10],
			"rotation": {"angle": -45, "axis": "y", "origin": [8, -8, 8]},
			"faces": {
				"north": {"uv": [0, 0, 3, 1.5], "texture": "#0"},
				"east": {"uv": [3, 0, 4.5, 1.5], "texture": "#0"},
				"south": {"uv": [0, 0, 3, 1.5], "texture": "#0"},
				"west": {"uv": [4.5, 0, 6, 1.5], "texture": "#0"},
				"up": {"uv": [0, 0, 3, 1.5], "rotation": 180, "texture": "#0"},
				"down": {"uv": [0, 0, 3, 1.5], "rotation": 180, "texture": "#0"}
			}
		},
		{
			"from": [-0.25, 8.75, 4.75],
			"to": [6.25, 12.25, 8.25],
			"rotation": {"angle": -22.5, "axis": "y", "origin": [8, -8, 8]},
			"faces": {
				"north": {"uv": [0, 1.5, 3, 3], "texture": "#0"},
				"east": {"uv": [4.5, 1.5, 6, 3], "texture": "#0"},
				"south": {"uv": [3, 3, 0, 1.5], "texture": "#0"},
				"west": {"uv": [3, 1.5, 4.5, 3], "texture": "#0"},
				"up": {"uv": [0, 1.5, 3, 3], "texture": "#0"},
				"down": {"uv": [0, 1.5, 3, 3], "texture": "#0"}
			}
		},
		{
			"from": [0, 9, 5],
			"to": [6, 12, 8],
			"rotation": {"angle": -22.5, "axis": "y", "origin": [8, -8, 8]},
			"faces": {
				"north": {"uv": [0, 0, 3, 1.5], "texture": "#0"},
				"east": {"uv": [4.5, 0, 6, 1.5], "texture": "#0"},
				"south": {"uv": [0, 0, 3, 1.5], "texture": "#0"},
				"west": {"uv": [3, 0, 4.5, 1.5], "texture": "#0"},
				"up": {"uv": [0, 0, 3, 1.5], "texture": "#0"},
				"down": {"uv": [0, 0, 3, 1.5], "texture": "#0"}
			}
		},
		{
			"from": [4, 5.5, 10.75],
			"to": [6.5, 8, 16.25],
			"rotation": {"angle": 0, "axis": "y", "origin": [8, -8, 8]},
			"faces": {
				"north": {"uv": [3.5, 4, 4.5, 5], "texture": "#0"},
				"east": {"uv": [0, 4, 2.5, 5], "texture": "#0"},
				"south": {"uv": [2.5, 4, 3.5, 5], "texture": "#0"},
				"west": {"uv": [0, 4, 2.5, 5], "texture": "#0"},
				"up": {"uv": [0, 4, 2.5, 5], "rotation": 270, "texture": "#0"},
				"down": {"uv": [0, 4, 2.5, 5], "rotation": 90, "texture": "#0"}
			}
		},
		{
			"from": [4.25, 5.75, 11],
			"to": [6.25, 7.75, 16],
			"rotation": {"angle": 0, "axis": "y", "origin": [8, -8, 8]},
			"faces": {
				"north": {"uv": [3.5, 3, 4.5, 4], "texture": "#0"},
				"east": {"uv": [0, 3, 2.5, 4], "texture": "#0"},
				"south": {"uv": [2.5, 3, 3.5, 4], "texture": "#0"},
				"west": {"uv": [0, 3, 2.5, 4], "texture": "#0"},
				"up": {"uv": [0, 3, 2.5, 4], "rotation": 270, "texture": "#0"},
				"down": {"uv": [0, 3, 2.5, 4], "rotation": 90, "texture": "#0"}
			}
		},
		{
			"from": [7.75, -0.25, 2.75],
			"to": [10.25, 2.25, 8.25],
			"rotation": {"angle": 0, "axis": "y", "origin": [8, -8, 8]},
			"faces": {
				"north": {"uv": [2.5, 4, 3.5, 5], "texture": "#0"},
				"east": {"uv": [0, 4, 2.5, 5], "texture": "#0"},
				"south": {"uv": [3.5, 4, 4.5, 5], "texture": "#0"},
				"west": {"uv": [0, 4, 2.5, 5], "texture": "#0"},
				"up": {"uv": [0, 4, 2.5, 5], "rotation": 90, "texture": "#0"},
				"down": {"uv": [0, 4, 2.5, 5], "rotation": 270, "texture": "#0"}
			}
		},
		{
			"from": [8, 0, 3],
			"to": [10, 2, 8],
			"rotation": {"angle": 0, "axis": "y", "origin": [8, -8, 8]},
			"faces": {
				"north": {"uv": [2.5, 3, 3.5, 4], "texture": "#0"},
				"east": {"uv": [0, 3, 2.5, 4], "texture": "#0"},
				"south": {"uv": [3.5, 3, 4.5, 4], "texture": "#0"},
				"west": {"uv": [0, 3, 2.5, 4], "texture": "#0"},
				"up": {"uv": [0, 3, 2.5, 4], "rotation": 90, "texture": "#0"},
				"down": {"uv": [0, 3, 2.5, 4], "rotation": 270, "texture": "#0"}
			}
		},
		{
			"from": [-2.25, 2.25, 6.75],
			"to": [3.25, 4.75, 9.25],
			"rotation": {"angle": -45, "axis": "y", "origin": [8, -8, 8]},
			"faces": {
				"north": {"uv": [0, 4, 2.5, 5], "texture": "#0"},
				"east": {"uv": [3.5, 4, 4.5, 5], "texture": "#0"},
				"south": {"uv": [0, 4, 2.5, 5], "texture": "#0"},
				"west": {"uv": [2.5, 4, 3.5, 5], "texture": "#0"},
				"up": {"uv": [0, 4, 2.5, 5], "texture": "#0"},
				"down": {"uv": [0, 4, 2.5, 5], "texture": "#0"}
			}
		},
		{
			"from": [-2, 2.5, 7],
			"to": [3, 4.5, 9],
			"rotation": {"angle": -45, "axis": "y", "origin": [8, -8, 8]},
			"faces": {
				"north": {"uv": [0, 3, 2.5, 4], "texture": "#0"},
				"east": {"uv": [3.5, 3, 4.5, 4], "texture": "#0"},
				"south": {"uv": [0, 3, 2.5, 4], "texture": "#0"},
				"west": {"uv": [2.5, 3, 3.5, 4], "texture": "#0"},
				"up": {"uv": [0, 3, 2.5, 4], "texture": "#0"},
				"down": {"uv": [0, 3, 2.5, 4], "texture": "#0"}
			}
		},
		{
			"from": [3, -2, 9],
			"to": [13, 4, 9],
			"rotation": {"angle": -45, "axis": "x", "origin": [7, 4, 9]},
			"faces": {
				"north": {"uv": [0.5, 8, 5.5, 11], "texture": "#0"},
				"east": {"uv": [0.5, 8, 5.5, 11], "texture": "#0"},
				"south": {"uv": [0.5, 8, 5.5, 11], "texture": "#0"},
				"west": {"uv": [0.5, 8, 5.5, 11], "texture": "#0"},
				"up": {"uv": [0.5, 8, 5.5, 11], "texture": "#0"},
				"down": {"uv": [0.5, 8, 5.5, 11], "texture": "#0"}
			}
		},
		{
			"from": [9, 4, 3],
			"to": [15, 4, 13],
			"rotation": {"angle": -45, "axis": "z", "origin": [9, 4, 8]},
			"faces": {
				"north": {"uv": [0.5, 8, 5.5, 11], "rotation": 90, "texture": "#0"},
				"east": {"uv": [0.5, 8, 5.5, 11], "rotation": 180, "texture": "#0"},
				"south": {"uv": [0.5, 8, 5.5, 11], "rotation": 270, "texture": "#0"},
				"west": {"uv": [0.5, 8, 5.5, 11], "texture": "#0"},
				"up": {"uv": [0.5, 8, 5.5, 11], "rotation": 270, "texture": "#0"},
				"down": {"uv": [0.5, 8, 5.5, 11], "rotation": 270, "texture": "#0"}
			}
		},
		{
			"from": [3, 0, 7],
			"to": [13, 6, 7],
			"rotation": {"angle": 45, "axis": "x", "origin": [8, 6, 7]},
			"faces": {
				"north": {"uv": [5, 5, 0, 8], "texture": "#0"},
				"east": {"uv": [0, 5, 5, 8], "texture": "#0"},
				"south": {"uv": [5, 5, 0, 8], "texture": "#0"},
				"west": {"uv": [0, 5, 5, 8], "texture": "#0"},
				"up": {"uv": [0, 5, 5, 8], "texture": "#0"},
				"down": {"uv": [0, 5, 5, 8], "texture": "#0"}
			}
		},
		{
			"from": [2, 9, 3],
			"to": [8, 9, 13],
			"rotation": {"angle": 45, "axis": "z", "origin": [8, 9, 8]},
			"faces": {
				"north": {"uv": [0.5, 8, 5.5, 11], "rotation": 270, "texture": "#0"},
				"east": {"uv": [0.5, 8, 5.5, 11], "rotation": 180, "texture": "#0"},
				"south": {"uv": [0.5, 8, 5.5, 11], "rotation": 90, "texture": "#0"},
				"west": {"uv": [0.5, 8, 5.5, 11], "texture": "#0"},
				"up": {"uv": [5.5, 8, 0.5, 11], "rotation": 90, "texture": "#0"},
				"down": {"uv": [5.5, 8, 0.5, 11], "rotation": 90, "texture": "#0"}
			}
		},
		{
			"from": [3, 4, 7],
			"to": [13, 10, 7],
			"rotation": {"angle": 45, "axis": "x", "origin": [8, 10, 7]},
			"faces": {
				"north": {"uv": [0, 5, 5, 8], "texture": "#0"},
				"east": {"uv": [0, 5, 5, 8], "texture": "#0"},
				"south": {"uv": [0, 5, 5, 8], "texture": "#0"},
				"west": {"uv": [0, 5, 5, 8], "texture": "#0"},
				"up": {"uv": [0, 5, 5, 8], "texture": "#0"},
				"down": {"uv": [0, 5, 5, 8], "texture": "#0"}
			}
		},
		{
			"from": [9, 10, 3],
			"to": [15, 10, 13],
			"rotation": {"angle": -45, "axis": "z", "origin": [9, 10, 8]},
			"faces": {
				"north": {"uv": [0, 5, 5, 8], "rotation": 90, "texture": "#0"},
				"east": {"uv": [0, 5, 5, 8], "rotation": 180, "texture": "#0"},
				"south": {"uv": [0, 5, 5, 8], "rotation": 270, "texture": "#0"},
				"west": {"uv": [0, 5, 5, 8], "texture": "#0"},
				"up": {"uv": [0, 5, 5, 8], "rotation": 270, "texture": "#0"},
				"down": {"uv": [0, 5, 5, 8], "rotation": 270, "texture": "#0"}
			}
		},
		{
			"from": [4, 4, 9],
			"to": [14, 10, 9],
			"rotation": {"angle": -45, "axis": "x", "origin": [9, 10, 9]},
			"faces": {
				"north": {"uv": [5, 5, 0, 8], "texture": "#0"},
				"east": {"uv": [0, 5, 5, 8], "texture": "#0"},
				"south": {"uv": [5, 5, 0, 8], "texture": "#0"},
				"west": {"uv": [0, 5, 5, 8], "texture": "#0"},
				"up": {"uv": [0, 5, 5, 8], "texture": "#0"},
				"down": {"uv": [0, 5, 5, 8], "texture": "#0"}
			}
		}
	],
	"groups": [
		{
			"name": "group",
			"origin": [8, 8, 8],
			"color": 0,
			"children": [
				0,
				1,
				{
					"name": "group",
					"origin": [8, 8, 8],
					"color": 0,
					"children": [
						{
							"name": "group",
							"origin": [8, 8, 8],
							"color": 0,
							"children": [2, 3]
						},
						{
							"name": "group",
							"origin": [8, 8, 8],
							"color": 0,
							"children": [4, 5]
						},
						{
							"name": "group",
							"origin": [8, 8, 8],
							"color": 0,
							"children": [6, 7]
						},
						{
							"name": "group",
							"origin": [8, 8, 8],
							"color": 0,
							"children": [8, 9]
						},
						{
							"name": "group",
							"origin": [8, 8, 8],
							"color": 0,
							"children": [
								{
									"name": "group",
									"origin": [8, 8, 8],
									"color": 0,
									"children": [10, 11]
								},
								{
									"name": "group",
									"origin": [8, 8, 8],
									"color": 0,
									"children": [12, 13]
								},
								{
									"name": "group",
									"origin": [8, 8, 8],
									"color": 0,
									"children": [14, 15]
								},
								{
									"name": "group",
									"origin": [8, 8, 8],
									"color": 0,
									"children": [16, 17]
								},
								{
									"name": "group",
									"origin": [8, 8, 8],
									"color": 0,
									"children": [18, 19]
								},
								{
									"name": "group",
									"origin": [8, 8, 8],
									"color": 0,
									"children": [20, 21]
								}
							]
						}
					]
				},
				22,
				23,
				24,
				25,
				26,
				27,
				28
			]
		}
	]
}