{
	"credit": "Made with Blockbench",
	"ambientocclusion": false,
	"textures": {
		"0": "block/oxeye_daisy",
		"particle": "item/oxeye_daisy"
	},
	"elements": [
		{
			"from": [5, 0, 8],
			"to": [11, 7, 8],
			"rotation": {"angle": 45, "axis": "y", "origin": [8, 4, 8]},
			"faces": {
				"north": {"uv": [10, 9, 16, 16], "texture": "#0"},
				"east": {"uv": [10, 9, 16, 16], "texture": "#0"},
				"south": {"uv": [10, 9, 16, 16], "texture": "#0"},
				"west": {"uv": [10, 9, 16, 16], "texture": "#0"},
				"up": {"uv": [10, 9, 16, 16], "texture": "#0"},
				"down": {"uv": [10, 9, 16, 16], "texture": "#0"}
			}
		},
		{
			"from": [5, 0, 8],
			"to": [11, 7, 8],
			"rotation": {"angle": -45, "axis": "y", "origin": [8, 4, 8]},
			"faces": {
				"north": {"uv": [10, 9, 16, 16], "texture": "#0"},
				"east": {"uv": [10, 9, 16, 16], "texture": "#0"},
				"south": {"uv": [10, 9, 16, 16], "texture": "#0"},
				"west": {"uv": [10, 9, 16, 16], "texture": "#0"},
				"up": {"uv": [10, 9, 16, 16], "texture": "#0"},
				"down": {"uv": [10, 9, 16, 16], "texture": "#0"}
			}
		},
		{
			"from": [4, 7.25, 4],
			"to": [12, 7.25, 12],
			"rotation": {"angle": 0, "axis": "y", "origin": [8, 7.25, 8]},
			"faces": {
				"north": {"uv": [8, 0, 16, 8], "texture": "#0"},
				"east": {"uv": [8, 0, 16, 8], "texture": "#0"},
				"south": {"uv": [8, 0, 16, 8], "texture": "#0"},
				"west": {"uv": [8, 0, 16, 8], "texture": "#0"},
				"up": {"uv": [8, 0, 16, 8], "texture": "#0"},
				"down": {"uv": [8, 0, 16, 8], "texture": "#0"}
			}
		},
		{
			"from": [6.5, 7.35, 6.5],
			"to": [9.5, 8.35, 9.5],
			"rotation": {"angle": 0, "axis": "y", "origin": [0, -0.75, 0]},
			"faces": {
				"north": {"uv": [0, 6, 3, 7], "texture": "#0"},
				"east": {"uv": [3, 6, 0, 7], "texture": "#0"},
				"south": {"uv": [0, 6, 3, 7], "texture": "#0"},
				"west": {"uv": [3, 6, 0, 7], "texture": "#0"},
				"up": {"uv": [0, 4, 3, 7], "texture": "#0"}
			}
		},
		{
			"from": [4.5, 7, 4.5],
			"to": [11.5, 7, 11.5],
			"rotation": {"angle": 0, "axis": "y", "origin": [0, -0.75, 0]},
			"faces": {
				"north": {"uv": [0, 7, 7, 14], "texture": "#0"},
				"east": {"uv": [0, 7, 7, 14], "texture": "#0"},
				"south": {"uv": [0, 7, 7, 14], "texture": "#0"},
				"west": {"uv": [0, 7, 7, 14], "texture": "#0"},
				"up": {"uv": [0, 7, 7, 14], "texture": "#0"},
				"down": {"uv": [0, 7, 7, 14], "texture": "#0"}
			}
		},
		{
			"from": [2.5, 6.75, 5],
			"to": [6.5, 6.75, 11],
			"rotation": {"angle": -22.5, "axis": "z", "origin": [8, 6.75, 8]},
			"faces": {
				"north": {"uv": [1, 0, 7, 4], "rotation": 270, "texture": "#0"},
				"east": {"uv": [1, 0, 7, 4], "rotation": 270, "texture": "#0"},
				"south": {"uv": [1, 0, 7, 4], "rotation": 270, "texture": "#0"},
				"west": {"uv": [1, 0, 7, 4], "rotation": 270, "texture": "#0"},
				"up": {"uv": [1, 0, 7, 4], "rotation": 270, "texture": "#0"},
				"down": {"uv": [1, 0, 7, 4], "rotation": 270, "texture": "#0"}
			}
		},
		{
			"from": [9.5, 6.75, 5],
			"to": [13.5, 6.75, 11],
			"rotation": {"angle": 22.5, "axis": "z", "origin": [8, 6.75, 8]},
			"faces": {
				"north": {"uv": [0, 0, 8, 4], "rotation": 90, "texture": "#0"},
				"east": {"uv": [0, 0, 8, 4], "rotation": 90, "texture": "#0"},
				"south": {"uv": [0, 0, 8, 4], "rotation": 90, "texture": "#0"},
				"west": {"uv": [0, 0, 8, 4], "rotation": 90, "texture": "#0"},
				"up": {"uv": [1, 0, 7, 4], "rotation": 90, "texture": "#0"},
				"down": {"uv": [1, 0, 7, 4], "rotation": 90, "texture": "#0"}
			}
		},
		{
			"from": [5, 6.75, 2.5],
			"to": [11, 6.75, 6.5],
			"rotation": {"angle": 22.5, "axis": "x", "origin": [8, 6.75, 8]},
			"faces": {
				"north": {"uv": [0, 0, 8, 4], "texture": "#0"},
				"east": {"uv": [0, 0, 8, 4], "texture": "#0"},
				"south": {"uv": [0, 0, 8, 4], "texture": "#0"},
				"west": {"uv": [0, 0, 8, 4], "texture": "#0"},
				"up": {"uv": [1, 0, 7, 4], "texture": "#0"},
				"down": {"uv": [1, 0, 7, 4], "rotation": 180, "texture": "#0"}
			}
		},
		{
			"from": [5, 6.75, 9.5],
			"to": [11, 6.75, 13.5],
			"rotation": {"angle": -22.5, "axis": "x", "origin": [8, 6.75, 8]},
			"faces": {
				"north": {"uv": [0, 0, 8, 4], "rotation": 180, "texture": "#0"},
				"east": {"uv": [0, 0, 8, 4], "rotation": 180, "texture": "#0"},
				"south": {"uv": [0, 0, 8, 4], "rotation": 180, "texture": "#0"},
				"west": {"uv": [0, 0, 8, 4], "rotation": 180, "texture": "#0"},
				"up": {"uv": [1, 0, 7, 4], "rotation": 180, "texture": "#0"},
				"down": {"uv": [1, 0, 7, 4], "texture": "#0"}
			}
		}
	]
}