{
	"credit": "Made with Blockbench",
	"ambientocclusion": false,
	"texture_size": [32, 32],
	"textures": {
		"0": "block/peony",
		"particle": "item/peony"
	},
	"elements": [
		{
			"from": [1, 14, 2],
			"to": [7, 14, 14],
			"rotation": {"angle": 22.5, "axis": "z", "origin": [7, 14, 8]},
			"faces": {
				"north": {"uv": [10, 0, 16, 3], "rotation": 270, "texture": "#0"},
				"east": {"uv": [10, 0, 16, 3], "texture": "#0"},
				"south": {"uv": [10, 0, 16, 3], "rotation": 90, "texture": "#0"},
				"west": {"uv": [10, 0, 16, 3], "rotation": 180, "texture": "#0"},
				"up": {"uv": [10, 0, 16, 3], "rotation": 90, "texture": "#0"},
				"down": {"uv": [10, 0, 16, 3], "rotation": 90, "texture": "#0"}
			}
		},
		{
			"from": [2, 6, 8],
			"to": [14, 6, 14],
			"rotation": {"angle": 22.5, "axis": "x", "origin": [8, 6, 8]},
			"faces": {
				"north": {"uv": [10, 0, 16, 3], "rotation": 180, "texture": "#0"},
				"east": {"uv": [10, 0, 16, 3], "rotation": 90, "texture": "#0"},
				"south": {"uv": [10, 0, 16, 3], "texture": "#0"},
				"west": {"uv": [10, 0, 16, 3], "rotation": 270, "texture": "#0"},
				"up": {"uv": [10, 0, 16, 3], "texture": "#0"},
				"down": {"uv": [10, 0, 16, 3], "rotation": 180, "texture": "#0"}
			}
		},
		{
			"from": [2, 14, 8],
			"to": [14, 14, 14],
			"rotation": {"angle": 22.5, "axis": "x", "origin": [8, 14, 8]},
			"faces": {
				"north": {"uv": [10, 0, 16, 3], "rotation": 180, "texture": "#0"},
				"east": {"uv": [10, 0, 16, 3], "rotation": 90, "texture": "#0"},
				"south": {"uv": [10, 0, 16, 3], "texture": "#0"},
				"west": {"uv": [10, 0, 16, 3], "rotation": 270, "texture": "#0"},
				"up": {"uv": [16, 0, 10, 3], "texture": "#0"},
				"down": {"uv": [16, 0, 10, 3], "rotation": 180, "texture": "#0"}
			}
		},
		{
			"from": [8, 10, 2],
			"to": [14, 10, 14],
			"rotation": {"angle": -22.5, "axis": "z", "origin": [8, 10, 8]},
			"faces": {
				"north": {"uv": [10, 0, 16, 3], "rotation": 90, "texture": "#0"},
				"east": {"uv": [10, 0, 16, 3], "texture": "#0"},
				"south": {"uv": [10, 0, 16, 3], "rotation": 270, "texture": "#0"},
				"west": {"uv": [10, 0, 16, 3], "rotation": 180, "texture": "#0"},
				"up": {"uv": [10, 0, 16, 3], "rotation": 270, "texture": "#0"},
				"down": {"uv": [10, 0, 16, 3], "rotation": 270, "texture": "#0"}
			}
		},
		{
			"from": [2, 7, 1],
			"to": [14, 7, 7],
			"rotation": {"angle": -22.5, "axis": "x", "origin": [8, 7, 7]},
			"faces": {
				"north": {"uv": [10, 0, 16, 3], "rotation": 180, "texture": "#0"},
				"east": {"uv": [10, 0, 16, 3], "rotation": 270, "texture": "#0"},
				"south": {"uv": [10, 0, 16, 3], "texture": "#0"},
				"west": {"uv": [10, 0, 16, 3], "rotation": 90, "texture": "#0"},
				"up": {"uv": [10, 0, 16, 3], "rotation": 180, "texture": "#0"},
				"down": {"uv": [10, 0, 16, 3], "texture": "#0"}
			}
		},
		{
			"from": [2, 15, 2],
			"to": [14, 15, 8],
			"rotation": {"angle": -22.5, "axis": "x", "origin": [8, 15, 8]},
			"faces": {
				"north": {"uv": [10, 0, 16, 3], "rotation": 180, "texture": "#0"},
				"east": {"uv": [10, 0, 16, 3], "rotation": 270, "texture": "#0"},
				"south": {"uv": [10, 0, 16, 3], "texture": "#0"},
				"west": {"uv": [10, 0, 16, 3], "rotation": 90, "texture": "#0"},
				"up": {"uv": [16, 0, 10, 3], "rotation": 180, "texture": "#0"},
				"down": {"uv": [16, 0, 10, 3], "texture": "#0"}
			}
		},
		{
			"from": [2, 6, 2],
			"to": [8, 6, 14],
			"rotation": {"angle": 22.5, "axis": "z", "origin": [8, 6, 8]},
			"faces": {
				"north": {"uv": [10, 0, 16, 3], "rotation": 270, "texture": "#0"},
				"east": {"uv": [10, 0, 16, 3], "texture": "#0"},
				"south": {"uv": [10, 0, 16, 3], "rotation": 90, "texture": "#0"},
				"west": {"uv": [10, 0, 16, 3], "rotation": 180, "texture": "#0"},
				"up": {"uv": [16, 0, 10, 3], "rotation": 90, "texture": "#0"},
				"down": {"uv": [16, 0, 10, 3], "rotation": 90, "texture": "#0"}
			}
		},
		{
			"from": [0.8, 0, 8],
			"to": [15.2, 16, 8],
			"rotation": {"angle": 45, "axis": "y", "origin": [8, 8, 8], "rescale": true},
			"faces": {
				"north": {"uv": [16, 8, 8, 16], "texture": "#0"},
				"east": {"uv": [8, 8, 16, 16], "texture": "#0"},
				"south": {"uv": [8, 8, 16, 16], "texture": "#0"},
				"west": {"uv": [8, 8, 16, 16], "texture": "#0"},
				"up": {"uv": [8, 8, 16, 16], "texture": "#0"},
				"down": {"uv": [8, 8, 16, 16], "texture": "#0"}
			}
		},
		{
			"from": [8, 0, 0.8],
			"to": [8, 16, 15.2],
			"rotation": {"angle": 45, "axis": "y", "origin": [8, 8, 8], "rescale": true},
			"faces": {
				"north": {"uv": [8, 8, 16, 16], "texture": "#0"},
				"east": {"uv": [8, 8, 16, 16], "texture": "#0"},
				"south": {"uv": [8, 8, 16, 16], "texture": "#0"},
				"west": {"uv": [8, 8, 16, 16], "texture": "#0"},
				"up": {"uv": [8, 8, 16, 16], "rotation": 270, "texture": "#0"},
				"down": {"uv": [8, 8, 16, 16], "rotation": 90, "texture": "#0"}
			}
		},
		{
			"from": [9, 5, 8],
			"to": [12, 8, 11],
			"rotation": {"angle": -45, "axis": "z", "origin": [10.5, 4.95, 10.5]},
			"faces": {
				"north": {"uv": [0, 13.5, 1.5, 15], "texture": "#0"},
				"east": {"uv": [0, 13.5, 1.5, 15], "texture": "#0"},
				"south": {"uv": [0, 13.5, 1.5, 15], "texture": "#0"},
				"west": {"uv": [0, 13.5, 1.5, 15], "texture": "#0"},
				"up": {"uv": [1.5, 13.5, 3, 15], "rotation": 270, "texture": "#0"},
				"down": {"uv": [3, 13.5, 4.5, 15], "rotation": 90, "texture": "#0"}
			}
		},
		{
			"from": [7, 1.45, 3.45],
			"to": [10, 4.45, 6.45],
			"rotation": {"angle": 22.5, "axis": "x", "origin": [8.5, 2.95, 6.5]},
			"faces": {
				"north": {"uv": [1.5, 13.5, 3, 15], "rotation": 180, "texture": "#0"},
				"east": {"uv": [0, 13.5, 1.5, 15], "rotation": 90, "texture": "#0"},
				"south": {"uv": [3, 13.5, 4.5, 15], "texture": "#0"},
				"west": {"uv": [0, 13.5, 1.5, 15], "rotation": 270, "texture": "#0"},
				"up": {"uv": [0, 13.5, 1.5, 15], "texture": "#0"},
				"down": {"uv": [0, 13.5, 1.5, 15], "rotation": 180, "texture": "#0"}
			}
		},
		{
			"from": [13.75, 17, 9.5],
			"to": [8.75, 12.5, 4.5],
			"rotation": {"angle": -45, "axis": "z", "origin": [11.25, 12, 6]},
			"faces": {
				"north": {"uv": [0, 6, 2, 4], "texture": "#0"},
				"east": {"uv": [2, 6, 4, 4], "texture": "#0"},
				"south": {"uv": [4, 6, 6, 4], "texture": "#0"},
				"west": {"uv": [6, 6, 8, 4], "texture": "#0"},
				"up": {"uv": [4, 2, 6, 4], "texture": "#0"},
				"down": {"uv": [4, 0, 6, 2], "texture": "#0"}
			}
		},
		{
			"from": [8.75, 11.9, 4.5],
			"to": [13.75, 16.4, 9.5],
			"rotation": {"angle": -45, "axis": "z", "origin": [11.25, 12, 6]},
			"faces": {
				"north": {"uv": [0, 4, 2, 6], "texture": "#0"},
				"east": {"uv": [2, 4, 4, 6], "texture": "#0"},
				"south": {"uv": [4, 4, 6, 6], "texture": "#0"},
				"west": {"uv": [6, 4, 8, 6], "texture": "#0"},
				"up": {"uv": [4, 0, 6, 2], "texture": "#0"},
				"down": {"uv": [4, 2, 6, 4], "texture": "#0"}
			}
		},
		{
			"from": [9.25, 12, 5],
			"to": [13.25, 16, 9],
			"rotation": {"angle": -45, "axis": "z", "origin": [11.25, 12, 6]},
			"faces": {
				"north": {"uv": [0, 2, 2, 4], "texture": "#0"},
				"east": {"uv": [2, 2, 4, 4], "texture": "#0"},
				"south": {"uv": [0, 2, 2, 4], "texture": "#0"},
				"west": {"uv": [2, 2, 4, 4], "texture": "#0"},
				"up": {"uv": [0, 0, 2, 2], "texture": "#0"},
				"down": {"uv": [0, 0, 2, 2], "texture": "#0"}
			}
		},
		{
			"from": [1, 7, 1.5],
			"to": [6, 12, 6.5],
			"rotation": {"angle": 22.5, "axis": "z", "origin": [4.5, 8, 4.5]},
			"faces": {
				"north": {"uv": [0, 11, 2.5, 13.5], "texture": "#0"},
				"east": {"uv": [2.5, 11, 5, 13.5], "texture": "#0"},
				"south": {"uv": [0, 11, 2.5, 13.5], "texture": "#0"},
				"west": {"uv": [2.5, 11, 5, 13.5], "texture": "#0"},
				"up": {"uv": [0, 8.5, 2.5, 11], "texture": "#0"},
				"down": {"uv": [2.5, 8.5, 5, 11], "texture": "#0"}
			}
		},
		{
			"from": [0.5, 6.95, 1],
			"to": [6.5, 12.45, 7],
			"rotation": {"angle": 22.5, "axis": "z", "origin": [4.5, 8, 4.5]},
			"faces": {
				"north": {"uv": [0, 6, 2.5, 8.5], "texture": "#0"},
				"east": {"uv": [2.5, 6, 5, 8.5], "texture": "#0"},
				"south": {"uv": [5, 6, 7.5, 8.5], "texture": "#0"},
				"west": {"uv": [2.5, 6, 5, 8.5], "texture": "#0"},
				"up": {"uv": [6, 0, 8.5, 2.5], "texture": "#0"},
				"down": {"uv": [5, 8.5, 7.5, 11], "texture": "#0"}
			}
		},
		{
			"from": [6.5, 12.45, 7],
			"to": [0.5, 6.95, 1],
			"rotation": {"angle": 22.5, "axis": "z", "origin": [4.5, 8, 4.5]},
			"faces": {
				"north": {"uv": [0, 8.5, 2.5, 6], "texture": "#0"},
				"east": {"uv": [2.5, 8.5, 5, 6], "texture": "#0"},
				"south": {"uv": [5, 8.5, 7.5, 6], "texture": "#0"},
				"west": {"uv": [2.5, 8.5, 5, 6], "texture": "#0"},
				"up": {"uv": [5, 8.5, 7.5, 11], "texture": "#0"},
				"down": {"uv": [6, 0, 8.5, 2.5], "texture": "#0"}
			}
		},
		{
			"from": [10.75, 17.5, 15],
			"to": [5.75, 12.5, 10.5],
			"rotation": {"angle": -22.5, "axis": "x", "origin": [8, 15, 10]},
			"faces": {
				"north": {"uv": [4, 0, 6, 2], "rotation": 180, "texture": "#0"},
				"east": {"uv": [2, 6, 4, 4], "rotation": 270, "texture": "#0"},
				"south": {"uv": [4, 2, 6, 4], "texture": "#0"},
				"west": {"uv": [6, 6, 8, 4], "rotation": 90, "texture": "#0"},
				"up": {"uv": [0, 6, 2, 4], "rotation": 180, "texture": "#0"},
				"down": {"uv": [4, 6, 6, 4], "texture": "#0"}
			}
		},
		{
			"from": [5.75, 12.5, 9.9],
			"to": [10.75, 17.5, 14.4],
			"rotation": {"angle": -22.5, "axis": "x", "origin": [8, 15, 10]},
			"faces": {
				"north": {"uv": [4, 2, 6, 4], "rotation": 180, "texture": "#0"},
				"east": {"uv": [2, 4, 4, 6], "rotation": 270, "texture": "#0"},
				"south": {"uv": [4, 0, 6, 2], "texture": "#0"},
				"west": {"uv": [6, 4, 8, 6], "rotation": 90, "texture": "#0"},
				"up": {"uv": [0, 4, 2, 6], "rotation": 180, "texture": "#0"},
				"down": {"uv": [4, 4, 6, 6], "texture": "#0"}
			}
		},
		{
			"from": [6.25, 13, 10],
			"to": [10.25, 17, 14],
			"rotation": {"angle": -22.5, "axis": "x", "origin": [8, 15, 10]},
			"faces": {
				"north": {"uv": [0, 0, 2, 2], "rotation": 180, "texture": "#0"},
				"east": {"uv": [2, 2, 4, 4], "rotation": 270, "texture": "#0"},
				"south": {"uv": [0, 0, 2, 2], "texture": "#0"},
				"west": {"uv": [2, 2, 4, 4], "rotation": 90, "texture": "#0"},
				"up": {"uv": [0, 2, 2, 4], "rotation": 180, "texture": "#0"},
				"down": {"uv": [0, 2, 2, 4], "texture": "#0"}
			}
		},
		{
			"from": [7.5, 9.5, 14.75],
			"to": [3, 4.5, 9.75],
			"rotation": {"angle": -22.5, "axis": "z", "origin": [8, 15, 10]},
			"faces": {
				"north": {"uv": [6, 6, 8, 4], "rotation": 90, "texture": "#0"},
				"east": {"uv": [4, 0, 6, 2], "rotation": 180, "texture": "#0"},
				"south": {"uv": [2, 6, 4, 4], "rotation": 270, "texture": "#0"},
				"west": {"uv": [4, 2, 6, 4], "texture": "#0"},
				"up": {"uv": [0, 6, 2, 4], "rotation": 270, "texture": "#0"},
				"down": {"uv": [4, 6, 6, 4], "rotation": 270, "texture": "#0"}
			}
		},
		{
			"from": [3.6, 4.5, 9.75],
			"to": [8.1, 9.5, 14.75],
			"rotation": {"angle": -22.5, "axis": "z", "origin": [8, 15, 10]},
			"faces": {
				"north": {"uv": [6, 4, 8, 6], "rotation": 90, "texture": "#0"},
				"east": {"uv": [4, 2, 6, 4], "rotation": 180, "texture": "#0"},
				"south": {"uv": [2, 4, 4, 6], "rotation": 270, "texture": "#0"},
				"west": {"uv": [4, 0, 6, 2], "texture": "#0"},
				"up": {"uv": [0, 4, 2, 6], "rotation": 270, "texture": "#0"},
				"down": {"uv": [4, 4, 6, 6], "rotation": 270, "texture": "#0"}
			}
		},
		{
			"from": [4, 5, 10.25],
			"to": [8, 9, 14.25],
			"rotation": {"angle": -22.5, "axis": "z", "origin": [8, 15, 10]},
			"faces": {
				"north": {"uv": [2, 2, 4, 4], "rotation": 90, "texture": "#0"},
				"east": {"uv": [0, 0, 2, 2], "rotation": 180, "texture": "#0"},
				"south": {"uv": [2, 2, 4, 4], "rotation": 270, "texture": "#0"},
				"west": {"uv": [0, 0, 2, 2], "texture": "#0"},
				"up": {"uv": [0, 2, 2, 4], "rotation": 270, "texture": "#0"},
				"down": {"uv": [0, 2, 2, 4], "rotation": 270, "texture": "#0"}
			}
		}
	],
	"groups": [
		{
			"name": "group",
			"origin": [8, 8, 8],
			"color": 0,
			"children": [
				0,
				1,
				2,
				3,
				4,
				5,
				6,
				7,
				8,
				{
					"name": "group",
					"origin": [0, 0, 0],
					"color": 0,
					"children": [9]
				},
				{
					"name": "group",
					"origin": [0, 0, 0],
					"color": 0,
					"children": [10]
				},
				{
					"name": "group",
					"origin": [0, 0, 0],
					"color": 0,
					"children": [11, 12, 13]
				},
				{
					"name": "group",
					"origin": [0, 0, 0],
					"color": 0,
					"children": [14, 15, 16]
				},
				{
					"name": "group",
					"origin": [0, 0, 0],
					"color": 0,
					"children": [17, 18, 19]
				},
				{
					"name": "group",
					"origin": [0, 0, 0],
					"color": 0,
					"children": [20, 21, 22]
				}
			]
		}
	]
}