{
	"credit": "Made with Blockbench",
	"ambientocclusion": false,
	"textures": {
		"2": "block/orange_tulip_bud",
		"3": "block/tulip_stem",
		"particle": "block/flower_pot",
		"flowerpot": "block/flower_pot",
		"dirt": "block/dirt"
	},
	"elements": [
		{
			"from": [5, 0, 5],
			"to": [6, 6, 11],
			"faces": {
				"north": {"uv": [10, 10, 11, 16], "texture": "#flowerpot"},
				"east": {"uv": [5, 10, 11, 16], "texture": "#flowerpot"},
				"south": {"uv": [5, 10, 6, 16], "texture": "#flowerpot"},
				"west": {"uv": [5, 10, 11, 16], "texture": "#flowerpot"},
				"up": {"uv": [5, 5, 6, 11], "texture": "#flowerpot"},
				"down": {"uv": [5, 5, 6, 11], "texture": "#flowerpot", "cullface": "down"}
			}
		},
		{
			"from": [10, 0, 5],
			"to": [11, 6, 11],
			"faces": {
				"north": {"uv": [5, 10, 6, 16], "texture": "#flowerpot"},
				"east": {"uv": [5, 10, 11, 16], "texture": "#flowerpot"},
				"south": {"uv": [10, 10, 11, 16], "texture": "#flowerpot"},
				"west": {"uv": [5, 10, 11, 16], "texture": "#flowerpot"},
				"up": {"uv": [10, 5, 11, 11], "texture": "#flowerpot"},
				"down": {"uv": [10, 5, 11, 11], "texture": "#flowerpot", "cullface": "down"}
			}
		},
		{
			"from": [6, 0, 5],
			"to": [10, 6, 6],
			"faces": {
				"north": {"uv": [6, 10, 10, 16], "texture": "#flowerpot"},
				"south": {"uv": [6, 10, 10, 16], "texture": "#flowerpot"},
				"up": {"uv": [6, 5, 10, 6], "texture": "#flowerpot"},
				"down": {"uv": [6, 10, 10, 11], "texture": "#flowerpot", "cullface": "down"}
			}
		},
		{
			"from": [6, 0, 10],
			"to": [10, 6, 11],
			"faces": {
				"north": {"uv": [6, 10, 10, 16], "texture": "#flowerpot"},
				"south": {"uv": [6, 10, 10, 16], "texture": "#flowerpot"},
				"up": {"uv": [6, 10, 10, 11], "texture": "#flowerpot"},
				"down": {"uv": [6, 5, 10, 6], "texture": "#flowerpot", "cullface": "down"}
			}
		},
		{
			"from": [6, 0, 6],
			"to": [10, 4, 10],
			"faces": {
				"up": {"uv": [6, 6, 10, 10], "texture": "#dirt"},
				"down": {"uv": [6, 12, 10, 16], "texture": "#flowerpot", "cullface": "down"}
			}
		},
		{
			"from": [7, 4, 8],
			"to": [9, 13, 8],
			"rotation": {"angle": 45, "axis": "y", "origin": [8, 8, 8]},
			"faces": {
				"north": {"uv": [14, 7, 16, 16], "texture": "#3"},
				"east": {"uv": [14, 7, 16, 16], "texture": "#3"},
				"south": {"uv": [16, 7, 14, 16], "texture": "#3"},
				"west": {"uv": [14, 7, 16, 16], "texture": "#3"},
				"up": {"uv": [14, 7, 16, 16], "texture": "#3"},
				"down": {"uv": [14, 7, 16, 16], "texture": "#3"}
			}
		},
		{
			"from": [7, 4, 8],
			"to": [9, 13, 8],
			"rotation": {"angle": -45, "axis": "y", "origin": [8, 8, 8]},
			"faces": {
				"north": {"uv": [14, 7, 16, 16], "texture": "#3"},
				"east": {"uv": [14, 7, 16, 16], "texture": "#3"},
				"south": {"uv": [16, 7, 14, 16], "texture": "#3"},
				"west": {"uv": [14, 7, 16, 16], "texture": "#3"},
				"up": {"uv": [14, 7, 16, 16], "texture": "#3"},
				"down": {"uv": [14, 7, 16, 16], "texture": "#3"}
			}
		},
		{
			"from": [6, 13, 6],
			"to": [10, 18, 10],
			"rotation": {"angle": 0, "axis": "y", "origin": [0, 4, 0]},
			"faces": {
				"north": {"uv": [0, 6, 4, 11], "texture": "#2"},
				"east": {"uv": [0, 11, 4, 16], "texture": "#2"},
				"south": {"uv": [4, 11, 8, 16], "texture": "#2"},
				"west": {"uv": [4, 6, 8, 11], "texture": "#2"},
				"up": {"uv": [8, 12, 12, 16], "texture": "#2"},
				"down": {"uv": [8, 8, 12, 12], "texture": "#2"}
			}
		},
		{
			"from": [5.75, 12.95, 5.75],
			"to": [10.25, 18.45, 10.25],
			"rotation": {"angle": 0, "axis": "y", "origin": [0, 4, 0]},
			"faces": {
				"north": {"uv": [12, 0, 16, 5], "texture": "#2"},
				"east": {"uv": [8, 0, 12, 5], "texture": "#2"},
				"south": {"uv": [4, 0, 8, 5], "texture": "#2"},
				"west": {"uv": [12, 5, 16, 10], "texture": "#2"},
				"down": {"uv": [0, 2, 4, 6], "texture": "#2"}
			}
		},
		{
			"from": [10.25, 18.45, 10.25],
			"to": [5.75, 12.95, 5.75],
			"rotation": {"angle": 0, "axis": "y", "origin": [0, 4, 0]},
			"faces": {
				"north": {"uv": [4, 5, 8, 0], "texture": "#2"},
				"east": {"uv": [12, 10, 16, 5], "texture": "#2"},
				"south": {"uv": [12, 5, 16, 0], "texture": "#2"},
				"west": {"uv": [8, 5, 12, 0], "texture": "#2"},
				"up": {"uv": [4, 2, 0, 6], "texture": "#2"}
			}
		},
		{
			"from": [8, 4, 6],
			"to": [8, 11, 10],
			"rotation": {"angle": 45, "axis": "z", "origin": [8, 4, 8]},
			"faces": {
				"north": {"uv": [10, 9, 14, 16], "texture": "#3"},
				"east": {"uv": [10, 9, 14, 16], "texture": "#3"},
				"south": {"uv": [10, 9, 14, 16], "texture": "#3"},
				"west": {"uv": [10, 9, 14, 16], "texture": "#3"},
				"up": {"uv": [10, 9, 14, 16], "rotation": 180, "texture": "#3"},
				"down": {"uv": [10, 9, 14, 16], "rotation": 180, "texture": "#3"}
			}
		},
		{
			"from": [8.75, 7, 6],
			"to": [8.75, 14, 10],
			"rotation": {"angle": -22.5, "axis": "z", "origin": [8.75, 7, 8]},
			"faces": {
				"north": {"uv": [10, 9, 14, 16], "texture": "#3"},
				"east": {"uv": [10, 9, 14, 16], "texture": "#3"},
				"south": {"uv": [10, 9, 14, 16], "texture": "#3"},
				"west": {"uv": [10, 9, 14, 16], "texture": "#3"},
				"up": {"uv": [10, 9, 14, 16], "rotation": 180, "texture": "#3"},
				"down": {"uv": [10, 9, 14, 16], "rotation": 180, "texture": "#3"}
			}
		}
	],
	"groups": [
		0,
		1,
		2,
		3,
		4,
		{
			"name": "group",
			"origin": [0, 0, 0],
			"color": 0,
			"children": [5, 6, 7, 8, 9, 10, 11]
		}
	]
}