{
	"credit": "Made with Blockbench",
	"ambientocclusion": false,
	"textures": {
		"2": "block/lily_of_the_valley",
		"particle": "block/flower_pot",
		"flowerpot": "block/flower_pot",
		"dirt": "block/dirt"
	},
	"elements": [
		{
			"from": [5, 0, 5],
			"to": [6, 6, 11],
			"faces": {
				"north": {"uv": [10, 10, 11, 16], "texture": "#flowerpot"},
				"east": {"uv": [5, 10, 11, 16], "texture": "#flowerpot"},
				"south": {"uv": [5, 10, 6, 16], "texture": "#flowerpot"},
				"west": {"uv": [5, 10, 11, 16], "texture": "#flowerpot"},
				"up": {"uv": [5, 5, 6, 11], "texture": "#flowerpot"},
				"down": {"uv": [5, 5, 6, 11], "texture": "#flowerpot", "cullface": "down"}
			}
		},
		{
			"from": [10, 0, 5],
			"to": [11, 6, 11],
			"faces": {
				"north": {"uv": [5, 10, 6, 16], "texture": "#flowerpot"},
				"east": {"uv": [5, 10, 11, 16], "texture": "#flowerpot"},
				"south": {"uv": [10, 10, 11, 16], "texture": "#flowerpot"},
				"west": {"uv": [5, 10, 11, 16], "texture": "#flowerpot"},
				"up": {"uv": [10, 5, 11, 11], "texture": "#flowerpot"},
				"down": {"uv": [10, 5, 11, 11], "texture": "#flowerpot", "cullface": "down"}
			}
		},
		{
			"from": [6, 0, 5],
			"to": [10, 6, 6],
			"faces": {
				"north": {"uv": [6, 10, 10, 16], "texture": "#flowerpot"},
				"south": {"uv": [6, 10, 10, 16], "texture": "#flowerpot"},
				"up": {"uv": [6, 5, 10, 6], "texture": "#flowerpot"},
				"down": {"uv": [6, 10, 10, 11], "texture": "#flowerpot", "cullface": "down"}
			}
		},
		{
			"from": [6, 0, 10],
			"to": [10, 6, 11],
			"faces": {
				"north": {"uv": [6, 10, 10, 16], "texture": "#flowerpot"},
				"south": {"uv": [6, 10, 10, 16], "texture": "#flowerpot"},
				"up": {"uv": [6, 10, 10, 11], "texture": "#flowerpot"},
				"down": {"uv": [6, 5, 10, 6], "texture": "#flowerpot", "cullface": "down"}
			}
		},
		{
			"from": [6, 0, 6],
			"to": [10, 4, 10],
			"faces": {
				"up": {"uv": [6, 6, 10, 10], "texture": "#dirt"},
				"down": {"uv": [6, 12, 10, 16], "texture": "#flowerpot", "cullface": "down"}
			}
		},
		{
			"from": [7, 4, 8],
			"to": [15, 16, 8],
			"rotation": {"angle": 45, "axis": "y", "origin": [8, 10, 8]},
			"faces": {
				"north": {"uv": [8, 4, 16, 16], "texture": "#2"},
				"east": {"uv": [8, 4, 16, 16], "texture": "#2"},
				"south": {"uv": [16, 4, 8, 16], "texture": "#2"},
				"west": {"uv": [8, 4, 16, 16], "texture": "#2"},
				"up": {"uv": [8, 4, 16, 16], "texture": "#2"},
				"down": {"uv": [8, 4, 16, 16], "texture": "#2"}
			}
		},
		{
			"from": [7, 4, 8],
			"to": [15, 16, 8],
			"rotation": {"angle": -45, "axis": "y", "origin": [8, 10, 8]},
			"faces": {
				"north": {"uv": [8, 4, 16, 16], "texture": "#2"},
				"east": {"uv": [8, 4, 16, 16], "texture": "#2"},
				"south": {"uv": [16, 4, 8, 16], "texture": "#2"},
				"west": {"uv": [8, 4, 16, 16], "texture": "#2"},
				"up": {"uv": [8, 4, 16, 16], "texture": "#2"},
				"down": {"uv": [8, 4, 16, 16], "texture": "#2"}
			}
		},
		{
			"from": [7.25, 4, 6],
			"to": [7.25, 12, 9],
			"rotation": {"angle": 22.5, "axis": "z", "origin": [7.25, 4, 7.5]},
			"faces": {
				"north": {"uv": [0, 8, 3, 16], "texture": "#2"},
				"east": {"uv": [0, 8, 3, 16], "texture": "#2"},
				"south": {"uv": [0, 8, 3, 16], "texture": "#2"},
				"west": {"uv": [0, 8, 3, 16], "texture": "#2"},
				"up": {"uv": [0, 8, 3, 16], "texture": "#2"},
				"down": {"uv": [0, 8, 3, 16], "texture": "#2"}
			}
		},
		{
			"from": [11, 10, 11],
			"to": [13, 12, 13],
			"rotation": {"angle": 0, "axis": "y", "origin": [3, 4, 0]},
			"faces": {
				"north": {"uv": [2, 2, 4, 4], "texture": "#2"},
				"east": {"uv": [0, 2, 2, 4], "texture": "#2"},
				"south": {"uv": [2, 2, 4, 4], "texture": "#2"},
				"west": {"uv": [0, 2, 2, 4], "texture": "#2"},
				"up": {"uv": [0, 0, 2, 2], "texture": "#2"}
			}
		},
		{
			"from": [13, 12, 13],
			"to": [11, 10, 11],
			"rotation": {"angle": 0, "axis": "y", "origin": [3, 4, 0]},
			"faces": {
				"north": {"uv": [2, 2, 4, 4], "texture": "#2"},
				"east": {"uv": [0, 2, 2, 4], "texture": "#2"},
				"south": {"uv": [2, 2, 4, 4], "texture": "#2"},
				"west": {"uv": [0, 2, 2, 4], "texture": "#2"},
				"up": {"uv": [0, 0, 2, 2], "texture": "#2"},
				"down": {"uv": [2, 0, 4, 2], "texture": "#2"}
			}
		},
		{
			"from": [9, 13, 8],
			"to": [11, 15, 10],
			"rotation": {"angle": 0, "axis": "y", "origin": [3, 4, 0]},
			"faces": {
				"north": {"uv": [2, 4, 4, 6], "texture": "#2"},
				"east": {"uv": [0, 4, 2, 6], "texture": "#2"},
				"south": {"uv": [2, 4, 4, 6], "texture": "#2"},
				"west": {"uv": [0, 4, 2, 6], "texture": "#2"},
				"up": {"uv": [2, 0, 4, 2], "texture": "#2"}
			}
		},
		{
			"from": [11, 15, 10],
			"to": [9, 13, 8],
			"rotation": {"angle": 0, "axis": "y", "origin": [3, 4, 0]},
			"faces": {
				"north": {"uv": [2, 4, 4, 6], "texture": "#2"},
				"east": {"uv": [0, 4, 2, 6], "texture": "#2"},
				"south": {"uv": [2, 4, 4, 6], "texture": "#2"},
				"west": {"uv": [0, 4, 2, 6], "texture": "#2"},
				"up": {"uv": [2, 0, 4, 2], "texture": "#2"},
				"down": {"uv": [0, 0, 2, 2], "texture": "#2"}
			}
		},
		{
			"from": [12, 11, 2],
			"to": [14, 13, 4],
			"rotation": {"angle": 0, "axis": "y", "origin": [3, 4, 0]},
			"faces": {
				"north": {"uv": [0, 2, 2, 4], "texture": "#2"},
				"east": {"uv": [2, 4, 4, 6], "texture": "#2"},
				"south": {"uv": [2, 2, 4, 4], "texture": "#2"},
				"west": {"uv": [0, 4, 2, 6], "texture": "#2"},
				"up": {"uv": [2, 0, 4, 2], "texture": "#2"}
			}
		},
		{
			"from": [14, 13, 4],
			"to": [12, 11, 2],
			"rotation": {"angle": 0, "axis": "y", "origin": [3, 4, 0]},
			"faces": {
				"north": {"uv": [0, 2, 2, 4], "texture": "#2"},
				"east": {"uv": [2, 4, 4, 6], "texture": "#2"},
				"south": {"uv": [2, 2, 4, 4], "texture": "#2"},
				"west": {"uv": [0, 4, 2, 6], "texture": "#2"},
				"up": {"uv": [0, 2, 2, 4], "texture": "#2"},
				"down": {"uv": [0, 0, 0, 0], "texture": "#2"}
			}
		},
		{
			"from": [8.25, 7, 5.75],
			"to": [10.25, 9, 7.75],
			"rotation": {"angle": 0, "axis": "y", "origin": [3, 4, 0]},
			"faces": {
				"north": {"uv": [2, 2, 4, 4], "texture": "#2"},
				"east": {"uv": [0, 4, 2, 6], "texture": "#2"},
				"south": {"uv": [0, 2, 2, 4], "texture": "#2"},
				"west": {"uv": [0, 0, 2, 2], "texture": "#2"},
				"up": {"uv": [0, 4, 2, 6], "texture": "#2"}
			}
		},
		{
			"from": [10.25, 9, 7.75],
			"to": [8.25, 7, 5.75],
			"rotation": {"angle": 0, "axis": "y", "origin": [3, 4, 0]},
			"faces": {
				"north": {"uv": [2, 2, 4, 4], "texture": "#2"},
				"east": {"uv": [0, 4, 2, 6], "texture": "#2"},
				"south": {"uv": [0, 2, 2, 4], "texture": "#2"},
				"west": {"uv": [0, 0, 2, 2], "texture": "#2"},
				"up": {"uv": [0, 4, 2, 6], "texture": "#2"},
				"down": {"uv": [2, 4, 4, 6], "texture": "#2"}
			}
		}
	],
	"groups": [
		0,
		1,
		2,
		3,
		4,
		{
			"name": "group",
			"origin": [0, 0, 0],
			"color": 0,
			"children": [5, 6, 7, 8, 9, 10, 11, 12, 13, 14, 15]
		}
	]
}