{
	"credit": "Made with Blockbench",
	"ambientocclusion": false,
	"textures": {
		"2": "block/wither_rose",
		"particle": "block/flower_pot",
		"flowerpot": "block/flower_pot",
		"dirt": "block/dirt"
	},
	"elements": [
		{
			"from": [5, 0, 5],
			"to": [6, 6, 11],
			"faces": {
				"north": {"uv": [10, 10, 11, 16], "texture": "#flowerpot"},
				"east": {"uv": [5, 10, 11, 16], "texture": "#flowerpot"},
				"south": {"uv": [5, 10, 6, 16], "texture": "#flowerpot"},
				"west": {"uv": [5, 10, 11, 16], "texture": "#flowerpot"},
				"up": {"uv": [5, 5, 6, 11], "texture": "#flowerpot"},
				"down": {"uv": [5, 5, 6, 11], "texture": "#flowerpot", "cullface": "down"}
			}
		},
		{
			"from": [10, 0, 5],
			"to": [11, 6, 11],
			"faces": {
				"north": {"uv": [5, 10, 6, 16], "texture": "#flowerpot"},
				"east": {"uv": [5, 10, 11, 16], "texture": "#flowerpot"},
				"south": {"uv": [10, 10, 11, 16], "texture": "#flowerpot"},
				"west": {"uv": [5, 10, 11, 16], "texture": "#flowerpot"},
				"up": {"uv": [10, 5, 11, 11], "texture": "#flowerpot"},
				"down": {"uv": [10, 5, 11, 11], "texture": "#flowerpot", "cullface": "down"}
			}
		},
		{
			"from": [6, 0, 5],
			"to": [10, 6, 6],
			"faces": {
				"north": {"uv": [6, 10, 10, 16], "texture": "#flowerpot"},
				"south": {"uv": [6, 10, 10, 16], "texture": "#flowerpot"},
				"up": {"uv": [6, 5, 10, 6], "texture": "#flowerpot"},
				"down": {"uv": [6, 10, 10, 11], "texture": "#flowerpot", "cullface": "down"}
			}
		},
		{
			"from": [6, 0, 10],
			"to": [10, 6, 11],
			"faces": {
				"north": {"uv": [6, 10, 10, 16], "texture": "#flowerpot"},
				"south": {"uv": [6, 10, 10, 16], "texture": "#flowerpot"},
				"up": {"uv": [6, 10, 10, 11], "texture": "#flowerpot"},
				"down": {"uv": [6, 5, 10, 6], "texture": "#flowerpot", "cullface": "down"}
			}
		},
		{
			"from": [6, 0, 6],
			"to": [10, 4, 10],
			"faces": {
				"up": {"uv": [6, 6, 10, 10], "texture": "#dirt"},
				"down": {"uv": [6, 12, 10, 16], "texture": "#flowerpot", "cullface": "down"}
			}
		},
		{
			"from": [6, 4, 8],
			"to": [9, 12, 8],
			"rotation": {"angle": 45, "axis": "y", "origin": [8, 8, 8]},
			"faces": {
				"north": {"uv": [13, 8, 16, 16], "texture": "#2"},
				"east": {"uv": [13, 8, 16, 16], "texture": "#2"},
				"south": {"uv": [16, 8, 13, 16], "texture": "#2"},
				"west": {"uv": [13, 8, 16, 16], "texture": "#2"},
				"up": {"uv": [13, 8, 16, 16], "texture": "#2"},
				"down": {"uv": [13, 8, 16, 16], "texture": "#2"}
			}
		},
		{
			"from": [6, 4, 8],
			"to": [9, 12, 8],
			"rotation": {"angle": -45, "axis": "y", "origin": [8, 8, 8]},
			"faces": {
				"north": {"uv": [13, 8, 16, 16], "texture": "#2"},
				"east": {"uv": [13, 8, 16, 16], "texture": "#2"},
				"south": {"uv": [13, 8, 16, 16], "texture": "#2"},
				"west": {"uv": [13, 8, 16, 16], "texture": "#2"},
				"up": {"uv": [13, 8, 16, 16], "texture": "#2"},
				"down": {"uv": [13, 8, 16, 16], "texture": "#2"}
			}
		},
		{
			"from": [6.5, 11, 6.5],
			"to": [9.5, 15, 9.5],
			"rotation": {"angle": 0, "axis": "y", "origin": [0, 4, 0]},
			"faces": {
				"north": {"uv": [13, 0, 16, 4], "texture": "#2"},
				"east": {"uv": [3, 0, 6, 4], "texture": "#2"},
				"south": {"uv": [0, 3, 3, 7], "texture": "#2"},
				"west": {"uv": [13, 4, 16, 8], "texture": "#2"},
				"up": {"uv": [0, 0, 3, 3], "texture": "#2"}
			}
		},
		{
			"from": [5.5, 11, 6.5],
			"to": [10.5, 16, 6.5],
			"rotation": {"angle": -45, "axis": "x", "origin": [8, 11, 6.5]},
			"faces": {
				"north": {"uv": [6, 0, 11, 5], "texture": "#2"},
				"east": {"uv": [6, 0, 11, 5], "texture": "#2"},
				"south": {"uv": [6, 0, 11, 5], "texture": "#2"},
				"west": {"uv": [6, 0, 11, 5], "texture": "#2"},
				"up": {"uv": [6, 0, 11, 5], "texture": "#2"},
				"down": {"uv": [6, 0, 11, 5], "texture": "#2"}
			}
		},
		{
			"from": [5.5, 11, 9.5],
			"to": [10.5, 16, 9.5],
			"rotation": {"angle": 45, "axis": "x", "origin": [8, 11, 9.5]},
			"faces": {
				"north": {"uv": [6, 0, 11, 5], "texture": "#2"},
				"east": {"uv": [6, 0, 11, 5], "texture": "#2"},
				"south": {"uv": [6, 0, 11, 5], "texture": "#2"},
				"west": {"uv": [6, 0, 11, 5], "texture": "#2"},
				"up": {"uv": [6, 0, 11, 5], "texture": "#2"},
				"down": {"uv": [6, 0, 11, 5], "texture": "#2"}
			}
		},
		{
			"from": [6.5, 11, 5.5],
			"to": [6.5, 16, 10.5],
			"rotation": {"angle": 45, "axis": "z", "origin": [6.5, 11, 8]},
			"faces": {
				"north": {"uv": [6, 0, 11, 5], "texture": "#2"},
				"east": {"uv": [6, 0, 11, 5], "texture": "#2"},
				"south": {"uv": [6, 0, 11, 5], "texture": "#2"},
				"west": {"uv": [6, 0, 11, 5], "texture": "#2"},
				"up": {"uv": [6, 0, 11, 5], "texture": "#2"},
				"down": {"uv": [6, 0, 11, 5], "texture": "#2"}
			}
		},
		{
			"from": [9.5, 11, 5.5],
			"to": [9.5, 16, 10.5],
			"rotation": {"angle": -45, "axis": "z", "origin": [9.5, 11, 8]},
			"faces": {
				"north": {"uv": [6, 0, 11, 5], "texture": "#2"},
				"east": {"uv": [6, 0, 11, 5], "texture": "#2"},
				"south": {"uv": [6, 0, 11, 5], "texture": "#2"},
				"west": {"uv": [6, 0, 11, 5], "texture": "#2"},
				"up": {"uv": [6, 0, 11, 5], "texture": "#2"},
				"down": {"uv": [6, 0, 11, 5], "texture": "#2"}
			}
		},
		{
			"from": [4, 11, 4],
			"to": [12, 11, 12],
			"rotation": {"angle": 0, "axis": "y", "origin": [0, 4, 0]},
			"faces": {
				"north": {"uv": [0, 7, 8, 15], "texture": "#2"},
				"east": {"uv": [0, 7, 8, 15], "texture": "#2"},
				"south": {"uv": [0, 7, 8, 15], "texture": "#2"},
				"west": {"uv": [0, 7, 8, 15], "texture": "#2"},
				"up": {"uv": [0, 7, 8, 15], "texture": "#2"},
				"down": {"uv": [0, 7, 8, 15], "texture": "#2"}
			}
		},
		{
			"from": [4, 11, 4],
			"to": [12, 11, 8],
			"rotation": {"angle": -22.5, "axis": "x", "origin": [8, 11, 8]},
			"faces": {
				"north": {"uv": [8, 8, 12, 16], "rotation": 90, "texture": "#2"},
				"east": {"uv": [8, 8, 12, 16], "rotation": 90, "texture": "#2"},
				"south": {"uv": [8, 8, 12, 16], "rotation": 90, "texture": "#2"},
				"west": {"uv": [8, 8, 12, 16], "rotation": 90, "texture": "#2"},
				"up": {"uv": [8, 8, 12, 16], "rotation": 90, "texture": "#2"},
				"down": {"uv": [8, 8, 12, 16], "rotation": 270, "texture": "#2"}
			}
		},
		{
			"from": [4, 7, 8],
			"to": [12, 11, 8],
			"rotation": {"angle": -45, "axis": "x", "origin": [8, 11, 8]},
			"faces": {
				"north": {"uv": [8, 8, 12, 16], "rotation": 270, "texture": "#2"},
				"east": {"uv": [8, 8, 12, 16], "rotation": 270, "texture": "#2"},
				"south": {"uv": [8, 8, 12, 16], "rotation": 270, "texture": "#2"},
				"west": {"uv": [8, 8, 12, 16], "rotation": 270, "texture": "#2"},
				"up": {"uv": [8, 8, 12, 16], "rotation": 270, "texture": "#2"},
				"down": {"uv": [8, 8, 12, 16], "rotation": 270, "texture": "#2"}
			}
		}
	],
	"groups": [
		0,
		1,
		2,
		3,
		4,
		{
			"name": "group",
			"origin": [0, 0, 0],
			"color": 0,
			"children": [5, 6, 7, 8, 9, 10, 11, 12, 13, 14]
		}
	]
}