{
	"credit": "Made with Blockbench",
	"ambientocclusion": false,
	"textures": {
		"2": "block/allium",
		"particle": "block/flower_pot",
		"flowerpot": "block/flower_pot",
		"dirt": "block/dirt"
	},
	"elements": [
		{
			"from": [5, 0, 5],
			"to": [6, 6, 11],
			"faces": {
				"north": {"uv": [10, 10, 11, 16], "texture": "#flowerpot"},
				"east": {"uv": [5, 10, 11, 16], "texture": "#flowerpot"},
				"south": {"uv": [5, 10, 6, 16], "texture": "#flowerpot"},
				"west": {"uv": [5, 10, 11, 16], "texture": "#flowerpot"},
				"up": {"uv": [5, 5, 6, 11], "texture": "#flowerpot"},
				"down": {"uv": [5, 5, 6, 11], "texture": "#flowerpot", "cullface": "down"}
			}
		},
		{
			"from": [10, 0, 5],
			"to": [11, 6, 11],
			"faces": {
				"north": {"uv": [5, 10, 6, 16], "texture": "#flowerpot"},
				"east": {"uv": [5, 10, 11, 16], "texture": "#flowerpot"},
				"south": {"uv": [10, 10, 11, 16], "texture": "#flowerpot"},
				"west": {"uv": [5, 10, 11, 16], "texture": "#flowerpot"},
				"up": {"uv": [10, 5, 11, 11], "texture": "#flowerpot"},
				"down": {"uv": [10, 5, 11, 11], "texture": "#flowerpot", "cullface": "down"}
			}
		},
		{
			"from": [6, 0, 5],
			"to": [10, 6, 6],
			"faces": {
				"north": {"uv": [6, 10, 10, 16], "texture": "#flowerpot"},
				"south": {"uv": [6, 10, 10, 16], "texture": "#flowerpot"},
				"up": {"uv": [6, 5, 10, 6], "texture": "#flowerpot"},
				"down": {"uv": [6, 10, 10, 11], "texture": "#flowerpot", "cullface": "down"}
			}
		},
		{
			"from": [6, 0, 10],
			"to": [10, 6, 11],
			"faces": {
				"north": {"uv": [6, 10, 10, 16], "texture": "#flowerpot"},
				"south": {"uv": [6, 10, 10, 16], "texture": "#flowerpot"},
				"up": {"uv": [6, 10, 10, 11], "texture": "#flowerpot"},
				"down": {"uv": [6, 5, 10, 6], "texture": "#flowerpot", "cullface": "down"}
			}
		},
		{
			"from": [6, 0, 6],
			"to": [10, 4, 10],
			"faces": {
				"up": {"uv": [6, 6, 10, 10], "texture": "#dirt"},
				"down": {"uv": [6, 12, 10, 16], "texture": "#flowerpot", "cullface": "down"}
			}
		},
		{
			"from": [7.5, 4, 8],
			"to": [8.5, 14, 8],
			"rotation": {"angle": 45, "axis": "y", "origin": [8, 9, 8]},
			"faces": {
				"north": {"uv": [12, 6, 13, 16], "texture": "#2"},
				"east": {"uv": [12, 6, 13, 16], "texture": "#2"},
				"south": {"uv": [12, 6, 13, 16], "texture": "#2"},
				"west": {"uv": [12, 6, 13, 16], "texture": "#2"},
				"up": {"uv": [12, 6, 13, 16], "texture": "#2"},
				"down": {"uv": [12, 6, 13, 16], "texture": "#2"}
			}
		},
		{
			"from": [7.5, 4, 8],
			"to": [8.5, 14, 8],
			"rotation": {"angle": -45, "axis": "y", "origin": [8, 9, 8]},
			"faces": {
				"north": {"uv": [12, 6, 13, 16], "texture": "#2"},
				"east": {"uv": [12, 6, 13, 16], "texture": "#2"},
				"south": {"uv": [12, 6, 13, 16], "texture": "#2"},
				"west": {"uv": [12, 6, 13, 16], "texture": "#2"},
				"up": {"uv": [12, 6, 13, 16], "texture": "#2"},
				"down": {"uv": [12, 6, 13, 16], "texture": "#2"}
			}
		},
		{
			"from": [6, 14, 6],
			"to": [10, 18, 10],
			"rotation": {"angle": 0, "axis": "y", "origin": [0, 4, 0]},
			"faces": {
				"north": {"uv": [0, 4, 4, 8], "texture": "#2"},
				"east": {"uv": [4, 4, 8, 8], "texture": "#2"},
				"south": {"uv": [0, 4, 4, 8], "texture": "#2"},
				"west": {"uv": [4, 4, 8, 8], "texture": "#2"},
				"up": {"uv": [0, 0, 4, 4], "texture": "#2"},
				"down": {"uv": [4, 0, 8, 4], "texture": "#2"}
			}
		},
		{
			"from": [5.75, 13.75, 5.75],
			"to": [10.25, 18.25, 10.25],
			"rotation": {"angle": 0, "axis": "y", "origin": [0, 4, 0]},
			"faces": {
				"north": {"uv": [12, 0, 16, 4], "texture": "#2"},
				"east": {"uv": [12, 0, 16, 4], "texture": "#2"},
				"south": {"uv": [12, 0, 16, 4], "texture": "#2"},
				"west": {"uv": [12, 0, 16, 4], "texture": "#2"},
				"up": {"uv": [8, 0, 12, 4], "texture": "#2"},
				"down": {"uv": [0, 8, 4, 12], "texture": "#2"}
			}
		},
		{
			"from": [10.25, 18.25, 10.25],
			"to": [5.75, 13.75, 5.75],
			"rotation": {"angle": 0, "axis": "y", "origin": [0, 4, 0]},
			"faces": {
				"north": {"uv": [12, 4, 16, 0], "texture": "#2"},
				"east": {"uv": [12, 4, 16, 0], "texture": "#2"},
				"south": {"uv": [12, 4, 16, 0], "texture": "#2"},
				"west": {"uv": [12, 4, 16, 0], "texture": "#2"},
				"up": {"uv": [0, 8, 4, 12], "texture": "#2"},
				"down": {"uv": [12, 0, 16, 4], "texture": "#2"}
			}
		}
	],
	"groups": [
		0,
		1,
		2,
		3,
		4,
		{
			"name": "group",
			"origin": [0, 0, 0],
			"color": 0,
			"children": [5, 6, 7, 8, 9]
		}
	]
}