{
	"credit": "Made with Blockbench",
	"ambientocclusion": false,
	"textures": {
		"2": "block/azure_bluet_flowers",
		"3": "block/azure_bluet_stem",
		"particle": "block/flower_pot",
		"flowerpot": "block/flower_pot",
		"dirt": "block/dirt"
	},
	"elements": [
		{
			"from": [5, 0, 5],
			"to": [6, 6, 11],
			"faces": {
				"north": {"uv": [10, 10, 11, 16], "texture": "#flowerpot"},
				"east": {"uv": [5, 10, 11, 16], "texture": "#flowerpot"},
				"south": {"uv": [5, 10, 6, 16], "texture": "#flowerpot"},
				"west": {"uv": [5, 10, 11, 16], "texture": "#flowerpot"},
				"up": {"uv": [5, 5, 6, 11], "texture": "#flowerpot"},
				"down": {"uv": [5, 5, 6, 11], "texture": "#flowerpot", "cullface": "down"}
			}
		},
		{
			"from": [10, 0, 5],
			"to": [11, 6, 11],
			"faces": {
				"north": {"uv": [5, 10, 6, 16], "texture": "#flowerpot"},
				"east": {"uv": [5, 10, 11, 16], "texture": "#flowerpot"},
				"south": {"uv": [10, 10, 11, 16], "texture": "#flowerpot"},
				"west": {"uv": [5, 10, 11, 16], "texture": "#flowerpot"},
				"up": {"uv": [10, 5, 11, 11], "texture": "#flowerpot"},
				"down": {"uv": [10, 5, 11, 11], "texture": "#flowerpot", "cullface": "down"}
			}
		},
		{
			"from": [6, 0, 5],
			"to": [10, 6, 6],
			"faces": {
				"north": {"uv": [6, 10, 10, 16], "texture": "#flowerpot"},
				"south": {"uv": [6, 10, 10, 16], "texture": "#flowerpot"},
				"up": {"uv": [6, 5, 10, 6], "texture": "#flowerpot"},
				"down": {"uv": [6, 10, 10, 11], "texture": "#flowerpot", "cullface": "down"}
			}
		},
		{
			"from": [6, 0, 10],
			"to": [10, 6, 11],
			"faces": {
				"north": {"uv": [6, 10, 10, 16], "texture": "#flowerpot"},
				"south": {"uv": [6, 10, 10, 16], "texture": "#flowerpot"},
				"up": {"uv": [6, 10, 10, 11], "texture": "#flowerpot"},
				"down": {"uv": [6, 5, 10, 6], "texture": "#flowerpot", "cullface": "down"}
			}
		},
		{
			"from": [6, 0, 6],
			"to": [10, 4, 10],
			"faces": {
				"up": {"uv": [6, 6, 10, 10], "texture": "#dirt"},
				"down": {"uv": [6, 12, 10, 16], "texture": "#flowerpot", "cullface": "down"}
			}
		},
		{
			"from": [3, 4, 8],
			"to": [13, 14, 8],
			"rotation": {"angle": 45, "axis": "y", "origin": [8, 9, 8]},
			"faces": {
				"north": {"uv": [6, 6, 16, 16], "texture": "#3"},
				"east": {"uv": [6, 6, 16, 16], "texture": "#2"},
				"south": {"uv": [16, 6, 6, 16], "texture": "#3"},
				"west": {"uv": [6, 6, 16, 16], "texture": "#2"},
				"up": {"uv": [6, 6, 16, 16], "texture": "#2"},
				"down": {"uv": [6, 6, 16, 16], "texture": "#2"}
			}
		},
		{
			"from": [3, 4, 8],
			"to": [13, 14, 8],
			"rotation": {"angle": -45, "axis": "y", "origin": [8, 9, 8]},
			"faces": {
				"north": {"uv": [6, 6, 16, 16], "texture": "#3"},
				"east": {"uv": [6, 6, 16, 16], "texture": "#2"},
				"south": {"uv": [6, 6, 16, 16], "texture": "#3"},
				"west": {"uv": [6, 6, 16, 16], "texture": "#2"},
				"up": {"uv": [6, 6, 16, 16], "texture": "#2"},
				"down": {"uv": [6, 6, 16, 16], "texture": "#2"}
			}
		},
		{
			"from": [4, 7, 5.25],
			"to": [12, 15, 5.25],
			"rotation": {"angle": 45, "axis": "x", "origin": [8, 11, 6]},
			"faces": {
				"north": {"uv": [0, 8, 8, 16], "texture": "#2"},
				"east": {"uv": [0, 8, 8, 16], "texture": "#2"},
				"south": {"uv": [0, 8, 8, 16], "texture": "#2"},
				"west": {"uv": [0, 8, 8, 16], "texture": "#2"},
				"up": {"uv": [0, 8, 8, 16], "texture": "#2"},
				"down": {"uv": [0, 8, 8, 16], "texture": "#2"}
			}
		},
		{
			"from": [4, 7, 6.25],
			"to": [12, 15, 6.25],
			"rotation": {"angle": 45, "axis": "x", "origin": [8, 11, 6]},
			"faces": {
				"north": {"uv": [8, 8, 16, 16], "texture": "#2"},
				"east": {"uv": [8, 8, 16, 16], "texture": "#2"},
				"south": {"uv": [8, 8, 16, 16], "texture": "#2"},
				"west": {"uv": [8, 8, 16, 16], "texture": "#2"},
				"up": {"uv": [8, 8, 16, 16], "texture": "#2"},
				"down": {"uv": [8, 8, 16, 16], "texture": "#2"}
			}
		},
		{
			"from": [4, 14.75, 4],
			"to": [12, 14.75, 12],
			"rotation": {"angle": 45, "axis": "x", "origin": [8, 11, 6]},
			"faces": {
				"north": {"uv": [0, 8, 8, 16], "rotation": 180, "texture": "#2"},
				"east": {"uv": [0, 8, 8, 16], "rotation": 180, "texture": "#2"},
				"south": {"uv": [0, 8, 8, 16], "rotation": 180, "texture": "#2"},
				"west": {"uv": [0, 8, 8, 16], "rotation": 180, "texture": "#2"},
				"up": {"uv": [0, 8, 8, 16], "rotation": 180, "texture": "#2"},
				"down": {"uv": [0, 8, 8, 16], "rotation": 180, "texture": "#2"}
			}
		},
		{
			"from": [4, 13.75, 4],
			"to": [12, 13.75, 12],
			"rotation": {"angle": 45, "axis": "x", "origin": [8, 11, 6]},
			"faces": {
				"north": {"uv": [8, 8, 16, 16], "rotation": 180, "texture": "#2"},
				"east": {"uv": [8, 8, 16, 16], "rotation": 180, "texture": "#2"},
				"south": {"uv": [8, 8, 16, 16], "rotation": 180, "texture": "#2"},
				"west": {"uv": [8, 8, 16, 16], "rotation": 180, "texture": "#2"},
				"up": {"uv": [8, 8, 16, 16], "rotation": 180, "texture": "#2"},
				"down": {"uv": [8, 8, 16, 16], "rotation": 180, "texture": "#2"}
			}
		},
		{
			"from": [5, 7.75, 4],
			"to": [5, 15.75, 12],
			"rotation": {"angle": -45, "axis": "z", "origin": [5, 10.75, 8]},
			"faces": {
				"north": {"uv": [0, 0, 8, 8], "texture": "#2"},
				"east": {"uv": [0, 0, 8, 8], "texture": "#2"},
				"south": {"uv": [0, 0, 8, 8], "texture": "#2"},
				"west": {"uv": [0, 0, 8, 8], "texture": "#2"},
				"up": {"uv": [0, 0, 8, 8], "texture": "#2"},
				"down": {"uv": [0, 0, 8, 8], "texture": "#2"}
			}
		},
		{
			"from": [6, 7.75, 4],
			"to": [6, 15.75, 12],
			"rotation": {"angle": -22.5, "axis": "z", "origin": [5, 10.75, 8]},
			"faces": {
				"north": {"uv": [8, 0, 16, 8], "texture": "#2"},
				"east": {"uv": [8, 0, 16, 8], "texture": "#2"},
				"south": {"uv": [8, 0, 16, 8], "texture": "#2"},
				"west": {"uv": [8, 0, 16, 8], "texture": "#2"},
				"up": {"uv": [8, 0, 16, 8], "texture": "#2"},
				"down": {"uv": [8, 0, 16, 8], "texture": "#2"}
			}
		},
		{
			"from": [10, 7.75, 4],
			"to": [10, 15.75, 12],
			"rotation": {"angle": 22.5, "axis": "z", "origin": [11, 12.75, 8]},
			"faces": {
				"north": {"uv": [0, 0, 8, 8], "texture": "#2"},
				"east": {"uv": [0, 0, 8, 8], "texture": "#2"},
				"south": {"uv": [0, 0, 8, 8], "texture": "#2"},
				"west": {"uv": [0, 0, 8, 8], "texture": "#2"},
				"up": {"uv": [0, 0, 8, 8], "texture": "#2"},
				"down": {"uv": [0, 0, 8, 8], "texture": "#2"}
			}
		},
		{
			"from": [9, 7.75, 4],
			"to": [9, 15.75, 12],
			"rotation": {"angle": 22.5, "axis": "z", "origin": [11, 12.75, 8]},
			"faces": {
				"north": {"uv": [8, 0, 16, 8], "texture": "#2"},
				"east": {"uv": [8, 0, 16, 8], "texture": "#2"},
				"south": {"uv": [8, 0, 16, 8], "texture": "#2"},
				"west": {"uv": [8, 0, 16, 8], "texture": "#2"},
				"up": {"uv": [8, 0, 16, 8], "texture": "#2"},
				"down": {"uv": [8, 0, 16, 8], "texture": "#2"}
			}
		}
	],
	"groups": [
		0,
		1,
		2,
		3,
		4,
		{
			"name": "group",
			"origin": [0, 0, 0],
			"color": 0,
			"children": [5, 6, 7, 8, 9, 10, 11, 12, 13, 14]
		}
	]
}