{
	"credit": "Made with Blockbench",
	"ambientocclusion": false,
	"textures": {
		"2": "block/cornflower",
		"particle": "block/flower_pot",
		"flowerpot": "block/flower_pot",
		"dirt": "block/dirt"
	},
	"elements": [
		{
			"from": [5, 0, 5],
			"to": [6, 6, 11],
			"faces": {
				"north": {"uv": [10, 10, 11, 16], "texture": "#flowerpot"},
				"east": {"uv": [5, 10, 11, 16], "texture": "#flowerpot"},
				"south": {"uv": [5, 10, 6, 16], "texture": "#flowerpot"},
				"west": {"uv": [5, 10, 11, 16], "texture": "#flowerpot"},
				"up": {"uv": [5, 5, 6, 11], "texture": "#flowerpot"},
				"down": {"uv": [5, 5, 6, 11], "texture": "#flowerpot", "cullface": "down"}
			}
		},
		{
			"from": [10, 0, 5],
			"to": [11, 6, 11],
			"faces": {
				"north": {"uv": [5, 10, 6, 16], "texture": "#flowerpot"},
				"east": {"uv": [5, 10, 11, 16], "texture": "#flowerpot"},
				"south": {"uv": [10, 10, 11, 16], "texture": "#flowerpot"},
				"west": {"uv": [5, 10, 11, 16], "texture": "#flowerpot"},
				"up": {"uv": [10, 5, 11, 11], "texture": "#flowerpot"},
				"down": {"uv": [10, 5, 11, 11], "texture": "#flowerpot", "cullface": "down"}
			}
		},
		{
			"from": [6, 0, 5],
			"to": [10, 6, 6],
			"faces": {
				"north": {"uv": [6, 10, 10, 16], "texture": "#flowerpot"},
				"south": {"uv": [6, 10, 10, 16], "texture": "#flowerpot"},
				"up": {"uv": [6, 5, 10, 6], "texture": "#flowerpot"},
				"down": {"uv": [6, 10, 10, 11], "texture": "#flowerpot", "cullface": "down"}
			}
		},
		{
			"from": [6, 0, 10],
			"to": [10, 6, 11],
			"faces": {
				"north": {"uv": [6, 10, 10, 16], "texture": "#flowerpot"},
				"south": {"uv": [6, 10, 10, 16], "texture": "#flowerpot"},
				"up": {"uv": [6, 10, 10, 11], "texture": "#flowerpot"},
				"down": {"uv": [6, 5, 10, 6], "texture": "#flowerpot", "cullface": "down"}
			}
		},
		{
			"from": [6, 0, 6],
			"to": [10, 4, 10],
			"faces": {
				"up": {"uv": [6, 6, 10, 10], "texture": "#dirt"},
				"down": {"uv": [6, 12, 10, 16], "texture": "#flowerpot", "cullface": "down"}
			}
		},
		{
			"from": [4, 4, 8],
			"to": [12, 12, 8],
			"rotation": {"angle": 45, "axis": "y", "origin": [8, 8, 8]},
			"faces": {
				"north": {"uv": [8, 8, 16, 16], "texture": "#2"},
				"east": {"uv": [8, 8, 16, 16], "texture": "#2"},
				"south": {"uv": [16, 8, 8, 16], "texture": "#2"},
				"west": {"uv": [8, 8, 16, 16], "texture": "#2"},
				"up": {"uv": [8, 8, 16, 16], "texture": "#2"},
				"down": {"uv": [8, 8, 16, 16], "texture": "#2"}
			}
		},
		{
			"from": [4, 4, 8],
			"to": [12, 12, 8],
			"rotation": {"angle": -45, "axis": "y", "origin": [8, 8, 8]},
			"faces": {
				"north": {"uv": [16, 8, 8, 16], "texture": "#2"},
				"east": {"uv": [8, 8, 16, 16], "texture": "#2"},
				"south": {"uv": [8, 8, 16, 16], "texture": "#2"},
				"west": {"uv": [8, 8, 16, 16], "texture": "#2"},
				"up": {"uv": [8, 8, 16, 16], "texture": "#2"},
				"down": {"uv": [8, 8, 16, 16], "texture": "#2"}
			}
		},
		{
			"from": [4, 14, 5],
			"to": [8, 14, 11],
			"rotation": {"angle": -22.5, "axis": "z", "origin": [8, 14, 8]},
			"faces": {
				"north": {"uv": [0, 4, 6, 8], "rotation": 270, "texture": "#2"},
				"east": {"uv": [0, 4, 6, 8], "rotation": 270, "texture": "#2"},
				"south": {"uv": [0, 4, 6, 8], "rotation": 270, "texture": "#2"},
				"west": {"uv": [0, 4, 6, 8], "rotation": 270, "texture": "#2"},
				"up": {"uv": [0, 4, 6, 8], "rotation": 270, "texture": "#2"},
				"down": {"uv": [0, 4, 6, 8], "rotation": 270, "texture": "#2"}
			}
		},
		{
			"from": [5, 14, 8],
			"to": [11, 14, 12],
			"rotation": {"angle": -22.5, "axis": "x", "origin": [8, 14, 8]},
			"faces": {
				"north": {"uv": [0, 0, 6, 4], "texture": "#2"},
				"east": {"uv": [0, 0, 6, 4], "texture": "#2"},
				"south": {"uv": [0, 0, 6, 4], "texture": "#2"},
				"west": {"uv": [0, 0, 6, 4], "texture": "#2"},
				"up": {"uv": [0, 0, 6, 4], "rotation": 180, "texture": "#2"},
				"down": {"uv": [0, 4, 6, 0], "rotation": 180, "texture": "#2"}
			}
		},
		{
			"from": [4, 14, 4],
			"to": [12, 14, 12],
			"rotation": {"angle": 0, "axis": "y", "origin": [8, 10, 8]},
			"faces": {
				"north": {"uv": [0, 8, 8, 16], "rotation": 90, "texture": "#2"},
				"east": {"uv": [0, 8, 8, 16], "rotation": 90, "texture": "#2"},
				"south": {"uv": [0, 8, 8, 16], "rotation": 90, "texture": "#2"},
				"west": {"uv": [0, 8, 8, 16], "rotation": 90, "texture": "#2"},
				"up": {"uv": [0, 8, 8, 16], "rotation": 90, "texture": "#2"},
				"down": {"uv": [0, 8, 8, 16], "rotation": 90, "texture": "#2"}
			}
		},
		{
			"from": [8, 14, 5],
			"to": [12, 14, 11],
			"rotation": {"angle": 22.5, "axis": "z", "origin": [8, 14, 8]},
			"faces": {
				"north": {"uv": [0, 4, 6, 8], "rotation": 90, "texture": "#2"},
				"east": {"uv": [0, 4, 6, 8], "rotation": 90, "texture": "#2"},
				"south": {"uv": [0, 4, 6, 8], "rotation": 90, "texture": "#2"},
				"west": {"uv": [0, 4, 6, 8], "rotation": 90, "texture": "#2"},
				"up": {"uv": [0, 4, 6, 8], "rotation": 90, "texture": "#2"},
				"down": {"uv": [0, 4, 6, 8], "rotation": 90, "texture": "#2"}
			}
		},
		{
			"from": [5, 14, 4],
			"to": [11, 14, 8],
			"rotation": {"angle": 22.5, "axis": "x", "origin": [8, 14, 8]},
			"faces": {
				"north": {"uv": [0, 0, 6, 4], "texture": "#2"},
				"east": {"uv": [0, 0, 6, 4], "texture": "#2"},
				"south": {"uv": [0, 0, 6, 4], "texture": "#2"},
				"west": {"uv": [0, 0, 6, 4], "texture": "#2"},
				"up": {"uv": [0, 0, 6, 4], "texture": "#2"},
				"down": {"uv": [0, 4, 6, 0], "texture": "#2"}
			}
		},
		{
			"from": [7, 12, 7],
			"to": [9, 14, 9],
			"rotation": {"angle": 0, "axis": "y", "origin": [0, 4, 0]},
			"faces": {
				"north": {"uv": [14, 0, 16, 2], "texture": "#2"},
				"east": {"uv": [14, 0, 16, 2], "texture": "#2"},
				"south": {"uv": [14, 0, 16, 2], "texture": "#2"},
				"west": {"uv": [14, 0, 16, 2], "texture": "#2"},
				"down": {"uv": [12, 0, 14, 2], "texture": "#2"}
			}
		},
		{
			"from": [6.5, 14, 6.5],
			"to": [9.5, 17, 9.5],
			"rotation": {"angle": 0, "axis": "y", "origin": [0, 4, 0]},
			"faces": {
				"north": {"uv": [10, 3, 13, 6], "texture": "#2"},
				"east": {"uv": [11, 3, 14, 6], "texture": "#2"},
				"south": {"uv": [10, 3, 13, 6], "texture": "#2"},
				"west": {"uv": [11, 3, 14, 6], "texture": "#2"}
			}
		},
		{
			"from": [9.5, 17, 9.5],
			"to": [6.5, 14, 6.5],
			"rotation": {"angle": 0, "axis": "y", "origin": [0, 4, 0]},
			"faces": {
				"north": {"uv": [10, 6, 13, 3], "texture": "#2"},
				"east": {"uv": [11, 6, 14, 3], "texture": "#2"},
				"south": {"uv": [10, 6, 13, 3], "texture": "#2"},
				"west": {"uv": [11, 6, 14, 3], "texture": "#2"}
			}
		},
		{
			"from": [7, 6, 8.75],
			"to": [9, 13, 8.75],
			"rotation": {"angle": 22.5, "axis": "x", "origin": [8, 6, 8.75]},
			"faces": {
				"north": {"uv": [6, 0, 8, 7], "texture": "#2"},
				"east": {"uv": [6, 0, 8, 7], "texture": "#2"},
				"south": {"uv": [6, 0, 8, 7], "texture": "#2"},
				"west": {"uv": [6, 0, 8, 7], "texture": "#2"},
				"up": {"uv": [6, 0, 8, 7], "texture": "#2"},
				"down": {"uv": [6, 0, 8, 7], "texture": "#2"}
			}
		}
	],
	"groups": [
		0,
		1,
		2,
		3,
		4,
		{
			"name": "group",
			"origin": [0, 0, 0],
			"color": 0,
			"children": [5, 6, 7, 8, 9, 10, 11, 12, 13, 14, 15]
		}
	]
}