{
	"credit": "Made with Blockbench",
	"ambientocclusion": false,
	"textures": {
		"2": "block/blue_orchid",
		"particle": "block/flower_pot",
		"flowerpot": "block/flower_pot",
		"dirt": "block/dirt"
	},
	"elements": [
		{
			"from": [5, 0, 5],
			"to": [6, 6, 11],
			"faces": {
				"north": {"uv": [10, 10, 11, 16], "texture": "#flowerpot"},
				"east": {"uv": [5, 10, 11, 16], "texture": "#flowerpot"},
				"south": {"uv": [5, 10, 6, 16], "texture": "#flowerpot"},
				"west": {"uv": [5, 10, 11, 16], "texture": "#flowerpot"},
				"up": {"uv": [5, 5, 6, 11], "texture": "#flowerpot"},
				"down": {"uv": [5, 5, 6, 11], "texture": "#flowerpot", "cullface": "down"}
			}
		},
		{
			"from": [10, 0, 5],
			"to": [11, 6, 11],
			"faces": {
				"north": {"uv": [5, 10, 6, 16], "texture": "#flowerpot"},
				"east": {"uv": [5, 10, 11, 16], "texture": "#flowerpot"},
				"south": {"uv": [10, 10, 11, 16], "texture": "#flowerpot"},
				"west": {"uv": [5, 10, 11, 16], "texture": "#flowerpot"},
				"up": {"uv": [10, 5, 11, 11], "texture": "#flowerpot"},
				"down": {"uv": [10, 5, 11, 11], "texture": "#flowerpot", "cullface": "down"}
			}
		},
		{
			"from": [6, 0, 5],
			"to": [10, 6, 6],
			"faces": {
				"north": {"uv": [6, 10, 10, 16], "texture": "#flowerpot"},
				"south": {"uv": [6, 10, 10, 16], "texture": "#flowerpot"},
				"up": {"uv": [6, 5, 10, 6], "texture": "#flowerpot"},
				"down": {"uv": [6, 10, 10, 11], "texture": "#flowerpot", "cullface": "down"}
			}
		},
		{
			"from": [6, 0, 10],
			"to": [10, 6, 11],
			"faces": {
				"north": {"uv": [6, 10, 10, 16], "texture": "#flowerpot"},
				"south": {"uv": [6, 10, 10, 16], "texture": "#flowerpot"},
				"up": {"uv": [6, 10, 10, 11], "texture": "#flowerpot"},
				"down": {"uv": [6, 5, 10, 6], "texture": "#flowerpot", "cullface": "down"}
			}
		},
		{
			"from": [6, 0, 6],
			"to": [10, 4, 10],
			"faces": {
				"up": {"uv": [6, 6, 10, 10], "texture": "#dirt"},
				"down": {"uv": [6, 12, 10, 16], "texture": "#flowerpot", "cullface": "down"}
			}
		},
		{
			"from": [3, 4, 8],
			"to": [13, 17, 8],
			"rotation": {"angle": 45, "axis": "y", "origin": [8, 12, 8]},
			"faces": {
				"north": {"uv": [6, 3, 16, 16], "texture": "#2"},
				"east": {"uv": [6, 3, 6, 16], "texture": "#2"},
				"south": {"uv": [16, 3, 6, 16], "texture": "#2"},
				"west": {"uv": [6, 6, 6, 19], "texture": "#2"},
				"up": {"uv": [16, 6, 6, 6], "texture": "#2"},
				"down": {"uv": [16, 6, 6, 6], "texture": "#2"}
			}
		},
		{
			"from": [3, 4, 8],
			"to": [13, 17, 8],
			"rotation": {"angle": -45, "axis": "y", "origin": [8, 12, 8]},
			"faces": {
				"north": {"uv": [6, 3, 16, 16], "texture": "#2"},
				"east": {"uv": [16, 6, 6, 16], "texture": "#2"},
				"south": {"uv": [16, 3, 6, 16], "texture": "#2"},
				"west": {"uv": [16, 6, 6, 16], "texture": "#2"},
				"up": {"uv": [16, 6, 6, 16], "texture": "#2"},
				"down": {"uv": [16, 6, 6, 16], "texture": "#2"}
			}
		},
		{
			"from": [9, 11, 5],
			"to": [14, 16, 5],
			"rotation": {"angle": 22.5, "axis": "x", "origin": [9.5, 12.5, 5]},
			"faces": {
				"north": {"uv": [0, 9, 5, 14], "texture": "#2"},
				"east": {"uv": [0, 9, 5, 14], "texture": "#2"},
				"south": {"uv": [0, 9, 5, 14], "texture": "#2"},
				"west": {"uv": [0, 9, 5, 14], "texture": "#2"},
				"up": {"uv": [0, 9, 5, 14], "texture": "#2"},
				"down": {"uv": [0, 9, 5, 14], "texture": "#2"}
			}
		},
		{
			"from": [8.5, 11, 11.25],
			"to": [12.5, 15, 11.25],
			"rotation": {"angle": -22.5, "axis": "x", "origin": [10.5, 12, 11]},
			"faces": {
				"north": {"uv": [0, 5, 4, 9], "texture": "#2"},
				"east": {"uv": [0, 5, 4, 9], "texture": "#2"},
				"south": {"uv": [0, 5, 4, 9], "texture": "#2"},
				"west": {"uv": [0, 5, 4, 9], "texture": "#2"},
				"up": {"uv": [0, 5, 4, 9], "texture": "#2"},
				"down": {"uv": [0, 5, 4, 9], "texture": "#2"}
			}
		},
		{
			"from": [2, 13, 12],
			"to": [7, 18, 12],
			"rotation": {"angle": -22.5, "axis": "x", "origin": [4.5, 15.5, 12]},
			"faces": {
				"north": {"uv": [0, 9, 5, 14], "texture": "#2"},
				"east": {"uv": [0, 0, 5, 5], "texture": "#2"},
				"south": {"uv": [0, 0, 5, 5], "texture": "#2"},
				"west": {"uv": [0, 0, 5, 5], "texture": "#2"},
				"up": {"uv": [0, 0, 5, 5], "texture": "#2"},
				"down": {"uv": [0, 0, 5, 5], "texture": "#2"}
			}
		},
		{
			"from": [10, 14, 6.5],
			"to": [10, 19, 11.5],
			"rotation": {"angle": 45, "axis": "z", "origin": [9.5, 16.5, 9]},
			"faces": {
				"north": {"uv": [0, 0, 5, 5], "texture": "#2"},
				"east": {"uv": [0, 0, 5, 5], "texture": "#2"},
				"south": {"uv": [0, 0, 5, 5], "texture": "#2"},
				"west": {"uv": [0, 9, 5, 14], "texture": "#2"},
				"up": {"uv": [0, 0, 5, 5], "texture": "#2"},
				"down": {"uv": [0, 0, 5, 5], "texture": "#2"}
			}
		},
		{
			"from": [4.25, 14, 2.5],
			"to": [4.25, 18, 6.5],
			"rotation": {"angle": -45, "axis": "z", "origin": [4.5, 15.5, 4]},
			"faces": {
				"north": {"uv": [0, 5, 4, 9], "texture": "#2"},
				"east": {"uv": [0, 5, 4, 9], "texture": "#2"},
				"south": {"uv": [0, 5, 4, 9], "texture": "#2"},
				"west": {"uv": [0, 5, 4, 9], "texture": "#2"},
				"up": {"uv": [0, 5, 4, 9], "texture": "#2"},
				"down": {"uv": [0, 5, 4, 9], "texture": "#2"}
			}
		},
		{
			"from": [5.75, 8, 9.5],
			"to": [5.75, 12, 13.5],
			"rotation": {"angle": -22.5, "axis": "z", "origin": [5.75, 10, 11.5]},
			"faces": {
				"north": {"uv": [0, 5, 4, 9], "texture": "#2"},
				"east": {"uv": [0, 5, 4, 9], "texture": "#2"},
				"south": {"uv": [0, 5, 4, 9], "texture": "#2"},
				"west": {"uv": [0, 5, 4, 9], "texture": "#2"},
				"up": {"uv": [0, 5, 4, 9], "texture": "#2"},
				"down": {"uv": [0, 5, 4, 9], "texture": "#2"}
			}
		}
	],
	"groups": [
		0,
		1,
		2,
		3,
		4,
		{
			"name": "group",
			"origin": [0, 0, 0],
			"color": 0,
			"children": [5, 6, 7, 8, 9, 10, 11, 12]
		}
	]
}