{
	"credit": "Made with Blockbench",
	"ambientocclusion": false,
	"textures": {
		"2": "block/dandielion",
		"particle": "block/flower_pot",
		"flowerpot": "block/flower_pot",
		"dirt": "block/dirt"
	},
	"elements": [
		{
			"from": [5, 0, 5],
			"to": [6, 6, 11],
			"faces": {
				"north": {"uv": [10, 10, 11, 16], "texture": "#flowerpot"},
				"east": {"uv": [5, 10, 11, 16], "texture": "#flowerpot"},
				"south": {"uv": [5, 10, 6, 16], "texture": "#flowerpot"},
				"west": {"uv": [5, 10, 11, 16], "texture": "#flowerpot"},
				"up": {"uv": [5, 5, 6, 11], "texture": "#flowerpot"},
				"down": {"uv": [5, 5, 6, 11], "texture": "#flowerpot", "cullface": "down"}
			}
		},
		{
			"from": [10, 0, 5],
			"to": [11, 6, 11],
			"faces": {
				"north": {"uv": [5, 10, 6, 16], "texture": "#flowerpot"},
				"east": {"uv": [5, 10, 11, 16], "texture": "#flowerpot"},
				"south": {"uv": [10, 10, 11, 16], "texture": "#flowerpot"},
				"west": {"uv": [5, 10, 11, 16], "texture": "#flowerpot"},
				"up": {"uv": [10, 5, 11, 11], "texture": "#flowerpot"},
				"down": {"uv": [10, 5, 11, 11], "texture": "#flowerpot", "cullface": "down"}
			}
		},
		{
			"from": [6, 0, 5],
			"to": [10, 6, 6],
			"faces": {
				"north": {"uv": [6, 10, 10, 16], "texture": "#flowerpot"},
				"south": {"uv": [6, 10, 10, 16], "texture": "#flowerpot"},
				"up": {"uv": [6, 5, 10, 6], "texture": "#flowerpot"},
				"down": {"uv": [6, 10, 10, 11], "texture": "#flowerpot", "cullface": "down"}
			}
		},
		{
			"from": [6, 0, 10],
			"to": [10, 6, 11],
			"faces": {
				"north": {"uv": [6, 10, 10, 16], "texture": "#flowerpot"},
				"south": {"uv": [6, 10, 10, 16], "texture": "#flowerpot"},
				"up": {"uv": [6, 10, 10, 11], "texture": "#flowerpot"},
				"down": {"uv": [6, 5, 10, 6], "texture": "#flowerpot", "cullface": "down"}
			}
		},
		{
			"from": [6, 0, 6],
			"to": [10, 4, 10],
			"faces": {
				"up": {"uv": [6, 6, 10, 10], "texture": "#dirt"},
				"down": {"uv": [6, 12, 10, 16], "texture": "#flowerpot", "cullface": "down"}
			}
		},
		{
			"from": [4, 4, 8],
			"to": [12, 12, 8],
			"rotation": {"angle": 45, "axis": "y", "origin": [8, 8, 8]},
			"faces": {
				"north": {"uv": [8, 8, 16, 16], "texture": "#2"},
				"east": {"uv": [8, 8, 16, 16], "texture": "#2"},
				"south": {"uv": [8, 8, 16, 16], "texture": "#2"},
				"west": {"uv": [8, 8, 16, 16], "texture": "#2"},
				"up": {"uv": [8, 8, 16, 16], "texture": "#2"},
				"down": {"uv": [8, 8, 16, 16], "texture": "#2"}
			}
		},
		{
			"from": [4, 4, 8],
			"to": [12, 12, 8],
			"rotation": {"angle": -45, "axis": "y", "origin": [8, 8, 8]},
			"faces": {
				"north": {"uv": [8, 8, 16, 16], "texture": "#2"},
				"east": {"uv": [8, 8, 16, 16], "texture": "#2"},
				"south": {"uv": [8, 8, 16, 16], "texture": "#2"},
				"west": {"uv": [8, 8, 16, 16], "texture": "#2"},
				"up": {"uv": [8, 8, 16, 16], "texture": "#2"},
				"down": {"uv": [8, 8, 16, 16], "texture": "#2"}
			}
		},
		{
			"from": [4, 11, 4],
			"to": [12, 11, 12],
			"rotation": {"angle": 0, "axis": "y", "origin": [8, 11, 8]},
			"faces": {
				"north": {"uv": [0, 0, 8, 8], "texture": "#2"},
				"east": {"uv": [0, 0, 8, 8], "texture": "#2"},
				"south": {"uv": [0, 0, 8, 8], "texture": "#2"},
				"west": {"uv": [0, 0, 8, 8], "texture": "#2"},
				"up": {"uv": [0, 0, 8, 8], "texture": "#2"},
				"down": {"uv": [8, 0, 16, 8], "texture": "#2"}
			}
		},
		{
			"from": [6, 10.75, 6],
			"to": [10, 10.75, 10],
			"rotation": {"angle": 0, "axis": "y", "origin": [8, 11, 8]},
			"faces": {
				"north": {"uv": [0, 12, 4, 16], "texture": "#2"},
				"east": {"uv": [0, 12, 4, 16], "texture": "#2"},
				"south": {"uv": [0, 12, 4, 16], "texture": "#2"},
				"west": {"uv": [0, 12, 4, 16], "texture": "#2"},
				"up": {"uv": [0, 12, 4, 16], "texture": "#2"},
				"down": {"uv": [0, 12, 4, 16], "texture": "#2"}
			}
		},
		{
			"from": [3, 11, 4],
			"to": [7, 11, 12],
			"rotation": {"angle": -45, "axis": "z", "origin": [7, 11, 8]},
			"faces": {
				"north": {"uv": [0, 8, 8, 12], "rotation": 270, "texture": "#2"},
				"east": {"uv": [0, 8, 8, 12], "rotation": 270, "texture": "#2"},
				"south": {"uv": [0, 8, 8, 12], "rotation": 270, "texture": "#2"},
				"west": {"uv": [0, 8, 8, 12], "rotation": 270, "texture": "#2"},
				"up": {"uv": [0, 8, 8, 12], "rotation": 270, "texture": "#2"},
				"down": {"uv": [0, 8, 8, 12], "rotation": 270, "texture": "#2"}
			}
		},
		{
			"from": [9, 11, 4],
			"to": [9, 15, 12],
			"rotation": {"angle": -45, "axis": "z", "origin": [9, 11, 8]},
			"faces": {
				"north": {"uv": [0, 8, 8, 12], "texture": "#2"},
				"east": {"uv": [0, 8, 8, 12], "texture": "#2"},
				"south": {"uv": [0, 8, 8, 12], "texture": "#2"},
				"west": {"uv": [0, 8, 8, 12], "texture": "#2"},
				"up": {"uv": [0, 8, 8, 12], "texture": "#2"},
				"down": {"uv": [0, 8, 8, 12], "texture": "#2"}
			}
		},
		{
			"from": [4, 11, 3],
			"to": [12, 11, 7],
			"rotation": {"angle": 45, "axis": "x", "origin": [8, 11, 7]},
			"faces": {
				"north": {"uv": [0, 8, 8, 12], "texture": "#2"},
				"east": {"uv": [0, 8, 8, 12], "texture": "#2"},
				"south": {"uv": [0, 8, 8, 12], "texture": "#2"},
				"west": {"uv": [0, 8, 8, 12], "texture": "#2"},
				"up": {"uv": [0, 8, 8, 12], "texture": "#2"},
				"down": {"uv": [0, 8, 8, 12], "rotation": 180, "texture": "#2"}
			}
		},
		{
			"from": [4, 11, 9],
			"to": [12, 15, 9],
			"rotation": {"angle": 45, "axis": "x", "origin": [8, 11, 9]},
			"faces": {
				"north": {"uv": [0, 8, 8, 12], "texture": "#2"},
				"east": {"uv": [0, 8, 8, 12], "texture": "#2"},
				"south": {"uv": [0, 8, 8, 12], "texture": "#2"},
				"west": {"uv": [0, 8, 8, 12], "texture": "#2"},
				"up": {"uv": [0, 8, 8, 12], "texture": "#2"},
				"down": {"uv": [0, 8, 8, 12], "texture": "#2"}
			}
		}
	],
	"groups": [
		0,
		1,
		2,
		3,
		4,
		{
			"name": "group",
			"origin": [0, 0, 0],
			"color": 0,
			"children": [5, 6, 7, 8, 9, 10, 11, 12]
		}
	]
}