{
	"credit": "Made with Blockbench",
	"ambientocclusion": false,
	"texture_size": [32, 32],
	"textures": {
		"0": "block/rose_bush",
		"particle": "item/rose_bush"
	},
	"elements": [
		{
			"from": [3.75, 2, 6],
			"to": [6.75, 4, 9],
			"rotation": {"angle": 45, "axis": "z", "origin": [4.25, 3, 8.5]},
			"faces": {
				"north": {"uv": [0, 10, 1.5, 11], "texture": "#0"},
				"east": {"uv": [0, 10, 1.5, 11], "texture": "#0"},
				"south": {"uv": [0, 10, 1.5, 11], "texture": "#0"},
				"west": {"uv": [0, 10, 1.5, 11], "texture": "#0"},
				"up": {"uv": [0, 8.5, 1.5, 10], "texture": "#0"},
				"down": {"uv": [1.5, 8.5, 3, 10], "texture": "#0"}
			}
		},
		{
			"from": [7, 13, 11],
			"to": [11, 17, 14],
			"rotation": {"angle": -22.5, "axis": "x", "origin": [9, 15, 11]},
			"faces": {
				"north": {"uv": [2, 11, 4, 13], "rotation": 270, "texture": "#0"},
				"east": {"uv": [0, 13, 2, 14.5], "rotation": 270, "texture": "#0"},
				"south": {"uv": [0, 11, 2, 13], "rotation": 180, "texture": "#0"},
				"west": {"uv": [0, 13, 2, 14.5], "rotation": 90, "texture": "#0"},
				"up": {"uv": [0, 13, 2, 14.5], "rotation": 180, "texture": "#0"},
				"down": {"uv": [0, 13, 2, 14.5], "texture": "#0"}
			}
		},
		{
			"from": [9, 1, 2],
			"to": [12, 4, 4],
			"rotation": {"angle": 22.5, "axis": "y", "origin": [10.5, 2.5, 4]},
			"faces": {
				"north": {"uv": [0, 8.5, 1.5, 10], "texture": "#0"},
				"east": {"uv": [0, 10, 1.5, 11], "rotation": 90, "texture": "#0"},
				"south": {"uv": [0, 10, 1.5, 11], "rotation": 180, "texture": "#0"},
				"west": {"uv": [0, 10, 1.5, 11], "rotation": 270, "texture": "#0"},
				"up": {"uv": [0, 10, 1.5, 11], "texture": "#0"},
				"down": {"uv": [0, 10, 1.5, 11], "rotation": 180, "texture": "#0"}
			}
		},
		{
			"from": [5, 1.5, 11.5],
			"to": [8, 4.5, 13.5],
			"rotation": {"angle": -45, "axis": "x", "origin": [5.5, 3, 10.5]},
			"faces": {
				"north": {"uv": [5.5, 8.5, 7, 10], "texture": "#0"},
				"east": {"uv": [4, 10, 5.5, 11], "rotation": 270, "texture": "#0"},
				"south": {"uv": [4, 8.5, 5.5, 10], "texture": "#0"},
				"west": {"uv": [4, 10, 5.5, 11], "rotation": 90, "texture": "#0"},
				"up": {"uv": [4, 10, 5.5, 11], "rotation": 180, "texture": "#0"},
				"down": {"uv": [4, 10, 5.5, 11], "texture": "#0"}
			}
		},
		{
			"from": [11.5, 1.5, 6],
			"to": [13.5, 4.5, 9],
			"rotation": {"angle": -22.5, "axis": "y", "origin": [11.5, 3, 7.5]},
			"faces": {
				"north": {"uv": [0, 10, 1.5, 11], "rotation": 270, "texture": "#0"},
				"east": {"uv": [0, 8.5, 1.5, 10], "texture": "#0"},
				"south": {"uv": [0, 10, 1.5, 11], "rotation": 90, "texture": "#0"},
				"west": {"uv": [1.5, 8.5, 3, 10], "texture": "#0"},
				"up": {"uv": [0, 10, 1.5, 11], "rotation": 90, "texture": "#0"},
				"down": {"uv": [0, 10, 1.5, 11], "rotation": 90, "texture": "#0"}
			}
		},
		{
			"from": [3, 7, 2],
			"to": [7, 11, 4],
			"rotation": {"angle": 22.5, "axis": "x", "origin": [5, 8, 4]},
			"faces": {
				"north": {"uv": [0, 11, 2, 13], "texture": "#0"},
				"east": {"uv": [0, 13.5, 2, 14.5], "rotation": 90, "texture": "#0"},
				"south": {"uv": [2, 11, 4, 13], "texture": "#0"},
				"west": {"uv": [0, 13.5, 2, 14.5], "rotation": 270, "texture": "#0"},
				"up": {"uv": [0, 13.5, 2, 14.5], "texture": "#0"},
				"down": {"uv": [0, 13.5, 2, 14.5], "rotation": 180, "texture": "#0"}
			}
		},
		{
			"from": [1, 10, 7],
			"to": [4, 14, 11],
			"rotation": {"angle": -22.5, "axis": "z", "origin": [5, 12, 7]},
			"faces": {
				"north": {"uv": [0, 13, 2, 14.5], "rotation": 90, "texture": "#0"},
				"east": {"uv": [2, 11, 4, 13], "rotation": 270, "texture": "#0"},
				"south": {"uv": [0, 13, 2, 14.5], "rotation": 270, "texture": "#0"},
				"west": {"uv": [0, 11, 2, 13], "rotation": 180, "texture": "#0"},
				"up": {"uv": [0, 13, 2, 14.5], "rotation": 270, "texture": "#0"},
				"down": {"uv": [0, 13, 2, 14.5], "rotation": 270, "texture": "#0"}
			}
		},
		{
			"from": [7, 6.5, 10.5],
			"to": [10, 9.5, 12.5],
			"rotation": {"angle": -22.5, "axis": "x", "origin": [7.5, 8, 10.5]},
			"faces": {
				"north": {"uv": [1.5, 8.5, 3, 10], "texture": "#0"},
				"east": {"uv": [0, 10, 1.5, 11], "rotation": 270, "texture": "#0"},
				"south": {"uv": [0, 8.5, 1.5, 10], "texture": "#0"},
				"west": {"uv": [0, 10, 1.5, 11], "rotation": 90, "texture": "#0"},
				"up": {"uv": [0, 10, 1.5, 11], "rotation": 180, "texture": "#0"},
				"down": {"uv": [0, 10, 1.5, 11], "texture": "#0"}
			}
		},
		{
			"from": [11.5, 7.5, 8],
			"to": [13.5, 10.5, 11],
			"rotation": {"angle": 22.5, "axis": "z", "origin": [11.5, 9, 9.5]},
			"faces": {
				"north": {"uv": [0, 10, 1.5, 11], "rotation": 270, "texture": "#0"},
				"east": {"uv": [0, 8.5, 1.5, 10], "texture": "#0"},
				"south": {"uv": [0, 10, 1.5, 11], "rotation": 90, "texture": "#0"},
				"west": {"uv": [1.5, 8.5, 3, 10], "texture": "#0"},
				"up": {"uv": [0, 10, 1.5, 11], "rotation": 90, "texture": "#0"},
				"down": {"uv": [0, 10, 1.5, 11], "rotation": 90, "texture": "#0"}
			}
		},
		{
			"from": [10.5, 12.5, 4],
			"to": [12.5, 15.5, 7],
			"rotation": {"angle": 0, "axis": "y", "origin": [11, 14, 6.5]},
			"faces": {
				"north": {"uv": [4, 10, 5.5, 11], "rotation": 270, "texture": "#0"},
				"east": {"uv": [4, 8.5, 5.5, 10], "texture": "#0"},
				"south": {"uv": [4, 10, 5.5, 11], "rotation": 90, "texture": "#0"},
				"west": {"uv": [5.5, 8.5, 7, 10], "texture": "#0"},
				"up": {"uv": [4, 10, 5.5, 11], "rotation": 90, "texture": "#0"},
				"down": {"uv": [4, 10, 5.5, 11], "rotation": 90, "texture": "#0"}
			}
		},
		{
			"from": [8, -1, 2],
			"to": [8, 7, 14],
			"rotation": {"angle": 45, "axis": "z", "origin": [8, 7, 8]},
			"faces": {
				"north": {"uv": [6, 0, 0, 4], "texture": "#0"},
				"east": {"uv": [6, 0, 0, 4], "texture": "#0"},
				"south": {"uv": [6, 0, 0, 4], "texture": "#0"},
				"west": {"uv": [6, 0, 0, 4], "texture": "#0"},
				"up": {"uv": [6, 0, 0, 4], "texture": "#0"},
				"down": {"uv": [6, 0, 0, 4], "texture": "#0"}
			}
		},
		{
			"from": [1, 2, 8],
			"to": [13, 10, 8],
			"rotation": {"angle": 45, "axis": "x", "origin": [8, 10, 8]},
			"faces": {
				"north": {"uv": [0, 0, 6, 4], "texture": "#0"},
				"east": {"uv": [0, 0, 0, 4], "texture": "#0"},
				"south": {"uv": [0, 0, 6, 4], "texture": "#0"},
				"west": {"uv": [0, 0, 0, 4], "texture": "#0"},
				"up": {"uv": [0, 0, 6, 0], "texture": "#0"},
				"down": {"uv": [0, 0, 6, 0], "texture": "#0"}
			}
		},
		{
			"from": [2, 7, 9],
			"to": [14, 7, 17],
			"rotation": {"angle": 45, "axis": "x", "origin": [7, 8, 8]},
			"faces": {
				"north": {"uv": [6, 4, 0, 8], "texture": "#0"},
				"east": {"uv": [6, 4, 0, 8], "texture": "#0"},
				"south": {"uv": [6, 4, 0, 8], "texture": "#0"},
				"west": {"uv": [6, 4, 0, 8], "texture": "#0"},
				"up": {"uv": [6, 4, 0, 8], "texture": "#0"},
				"down": {"uv": [6, 4, 0, 8], "texture": "#0"}
			}
		},
		{
			"from": [8, 0, 1],
			"to": [8, 8, 13],
			"rotation": {"angle": -45, "axis": "z", "origin": [8, 8, 8]},
			"faces": {
				"north": {"uv": [0, 4, 6, 8], "texture": "#0"},
				"east": {"uv": [0, 4, 6, 8], "texture": "#0"},
				"south": {"uv": [0, 4, 6, 8], "texture": "#0"},
				"west": {"uv": [0, 4, 6, 8], "texture": "#0"},
				"up": {"uv": [0, 4, 6, 8], "texture": "#0"},
				"down": {"uv": [0, 4, 6, 8], "texture": "#0"}
			}
		},
		{
			"from": [2, 10, 8],
			"to": [14, 18, 8],
			"rotation": {"angle": 45, "axis": "x", "origin": [8, 19, 8]},
			"faces": {
				"north": {"uv": [0, 4, 6, 8], "texture": "#0"},
				"east": {"uv": [0, 4, 6, 8], "texture": "#0"},
				"south": {"uv": [0, 4, 6, 8], "texture": "#0"},
				"west": {"uv": [0, 4, 6, 8], "texture": "#0"},
				"up": {"uv": [0, 4, 6, 8], "texture": "#0"},
				"down": {"uv": [0, 4, 6, 8], "texture": "#0"}
			}
		},
		{
			"from": [0.8, 0, 8],
			"to": [15.2, 16, 8],
			"rotation": {"angle": -45, "axis": "y", "origin": [8, 16, 8], "rescale": true},
			"faces": {
				"north": {"uv": [8, 8, 16, 16], "texture": "#0"},
				"east": {"uv": [0, 0, 0, 8], "texture": "#0"},
				"south": {"uv": [8, 8, 16, 16], "texture": "#0"},
				"west": {"uv": [0, 0, 0, 8], "texture": "#0"},
				"up": {"uv": [0, 0, 8, 0], "texture": "#0"},
				"down": {"uv": [0, 0, 8, 0], "texture": "#0"}
			}
		},
		{
			"from": [2, 17, 8],
			"to": [14, 17, 16],
			"rotation": {"angle": 45, "axis": "x", "origin": [8, 16, 8]},
			"faces": {
				"north": {"uv": [0, 0, 6, 0], "rotation": 180, "texture": "#0"},
				"east": {"uv": [0, 0, 0, 4], "rotation": 90, "texture": "#0"},
				"south": {"uv": [0, 0, 6, 0], "texture": "#0"},
				"west": {"uv": [0, 0, 0, 4], "rotation": 270, "texture": "#0"},
				"up": {"uv": [0, 0, 6, 4], "texture": "#0"},
				"down": {"uv": [0, 0, 6, 4], "rotation": 180, "texture": "#0"}
			}
		},
		{
			"from": [7, 6, 2],
			"to": [7, 14, 14],
			"rotation": {"angle": -45, "axis": "z", "origin": [7, 14, 8]},
			"faces": {
				"north": {"uv": [6, 0, 0, 4], "texture": "#0"},
				"east": {"uv": [6, 0, 0, 4], "texture": "#0"},
				"south": {"uv": [6, 0, 0, 4], "texture": "#0"},
				"west": {"uv": [6, 0, 0, 4], "texture": "#0"},
				"up": {"uv": [6, 0, 0, 4], "texture": "#0"},
				"down": {"uv": [6, 0, 0, 4], "texture": "#0"}
			}
		},
		{
			"from": [8, 7, 2],
			"to": [8, 15, 14],
			"rotation": {"angle": 45, "axis": "z", "origin": [8, 14, 8]},
			"faces": {
				"north": {"uv": [0, 4, 6, 8], "texture": "#0"},
				"east": {"uv": [0, 4, 6, 8], "texture": "#0"},
				"south": {"uv": [0, 4, 6, 8], "texture": "#0"},
				"west": {"uv": [0, 4, 6, 8], "texture": "#0"},
				"up": {"uv": [0, 4, 6, 8], "texture": "#0"},
				"down": {"uv": [0, 4, 6, 8], "texture": "#0"}
			}
		},
		{
			"from": [0.8, 0, 8],
			"to": [15.2, 16, 8],
			"rotation": {"angle": 45, "axis": "y", "origin": [8, 16, 8], "rescale": true},
			"faces": {
				"north": {"uv": [8, 8, 16, 16], "texture": "#0"},
				"east": {"uv": [0, 0, 0, 8], "texture": "#0"},
				"south": {"uv": [8, 8, 16, 16], "texture": "#0"},
				"west": {"uv": [0, 0, 0, 8], "texture": "#0"},
				"up": {"uv": [0, 0, 8, 0], "texture": "#0"},
				"down": {"uv": [0, 0, 8, 0], "texture": "#0"}
			}
		}
	],
	"groups": [
		{
			"name": "bottom",
			"origin": [8, 16, 8],
			"color": 0,
			"children": [0, 1, 2, 3, 4, 5, 6, 7, 8, 9, 10, 11, 12, 13, 14, 15, 16, 17, 18, 19]
		}
	]
}