{
	"credit": "Made with Blockbench",
	"texture_size": [32, 32],
	"textures": {
		"0": "block/rose_bush",
		"particle": "item/rose_bush"
	},
	"elements": [
		{
			"from": [1.75, 5, 7],
			"to": [4.75, 7, 10],
			"rotation": {"angle": 22.5, "axis": "z", "origin": [4, 6, 10]},
			"faces": {
				"north": {"uv": [0, 10, 1.5, 11], "texture": "#0"},
				"east": {"uv": [0, 10, 1.5, 11], "texture": "#0"},
				"south": {"uv": [0, 10, 1.5, 11], "texture": "#0"},
				"west": {"uv": [0, 10, 1.5, 11], "texture": "#0"},
				"up": {"uv": [0, 8.5, 1.5, 10], "texture": "#0"},
				"down": {"uv": [1.5, 8.5, 3, 10], "texture": "#0"}
			}
		},
		{
			"from": [2, 1, 8],
			"to": [14, 9, 8],
			"rotation": {"angle": 45, "axis": "x", "origin": [8, 10, 8]},
			"faces": {
				"north": {"uv": [0, 0, 6, 4], "texture": "#0"},
				"east": {"uv": [0, 0, 0, 4], "texture": "#0"},
				"south": {"uv": [0, 0, 6, 4], "texture": "#0"},
				"west": {"uv": [0, 0, 0, 4], "texture": "#0"},
				"up": {"uv": [0, 0, 6, 0], "texture": "#0"},
				"down": {"uv": [0, 0, 6, 0], "texture": "#0"}
			}
		},
		{
			"from": [2, 7, 8],
			"to": [14, 7, 16],
			"rotation": {"angle": 45, "axis": "x", "origin": [8, 7, 8]},
			"faces": {
				"north": {"uv": [0, 4, 6, 8], "texture": "#0"},
				"east": {"uv": [0, 4, 6, 8], "texture": "#0"},
				"south": {"uv": [0, 4, 6, 8], "texture": "#0"},
				"west": {"uv": [0, 4, 6, 8], "texture": "#0"},
				"up": {"uv": [0, 4, 6, 8], "texture": "#0"},
				"down": {"uv": [0, 8, 6, 4], "texture": "#0"}
			}
		},
		{
			"from": [8, 2, 2],
			"to": [8, 10, 14],
			"rotation": {"angle": -45, "axis": "z", "origin": [8, 10, 8]},
			"faces": {
				"north": {"uv": [0, 0, 0, 4], "texture": "#0"},
				"east": {"uv": [0, 0, 6, 4], "texture": "#0"},
				"south": {"uv": [0, 0, 0, 4], "texture": "#0"},
				"west": {"uv": [6, 0, 0, 4], "texture": "#0"},
				"up": {"uv": [0, 0, 6, 0], "rotation": 270, "texture": "#0"},
				"down": {"uv": [0, 0, 6, 0], "rotation": 90, "texture": "#0"}
			}
		},
		{
			"from": [8, -4, 2],
			"to": [8, 4, 14],
			"rotation": {"angle": 45, "axis": "z", "origin": [8, 4, 8]},
			"faces": {
				"north": {"uv": [6, 4, 0, 8], "texture": "#0"},
				"east": {"uv": [6, 4, 0, 8], "texture": "#0"},
				"south": {"uv": [6, 4, 0, 8], "texture": "#0"},
				"west": {"uv": [6, 4, 0, 8], "texture": "#0"},
				"up": {"uv": [6, 4, 0, 8], "texture": "#0"},
				"down": {"uv": [6, 4, 0, 8], "texture": "#0"}
			}
		},
		{
			"from": [8, 3, 2],
			"to": [8, 11, 14],
			"rotation": {"angle": 45, "axis": "z", "origin": [8, 11, 8]},
			"faces": {
				"north": {"uv": [0, 0, 0, 4], "texture": "#0"},
				"east": {"uv": [0, 0, 6, 4], "texture": "#0"},
				"south": {"uv": [0, 0, 0, 4], "texture": "#0"},
				"west": {"uv": [0, 0, 6, 4], "texture": "#0"},
				"up": {"uv": [0, 0, 6, 0], "rotation": 270, "texture": "#0"},
				"down": {"uv": [0, 0, 6, 0], "rotation": 90, "texture": "#0"}
			}
		},
		{
			"from": [12.5, 5.5, 9],
			"to": [14.5, 8.5, 12],
			"rotation": {"angle": 22.5, "axis": "z", "origin": [12.5, 6, 9.5]},
			"faces": {
				"north": {"uv": [0, 10, 1.5, 11], "rotation": 270, "texture": "#0"},
				"east": {"uv": [0, 8.5, 1.5, 10], "texture": "#0"},
				"south": {"uv": [0, 10, 1.5, 11], "rotation": 90, "texture": "#0"},
				"west": {"uv": [1.5, 8.5, 3, 10], "texture": "#0"},
				"up": {"uv": [0, 10, 1.5, 11], "rotation": 90, "texture": "#0"},
				"down": {"uv": [0, 10, 1.5, 11], "rotation": 90, "texture": "#0"}
			}
		},
		{
			"from": [5, 3.5, 10.5],
			"to": [8, 6.5, 12.5],
			"rotation": {"angle": 0, "axis": "y", "origin": [12.5, 6, 9.5]},
			"faces": {
				"north": {"uv": [1.5, 8.5, 3, 10], "texture": "#0"},
				"east": {"uv": [0, 10, 1.5, 11], "rotation": 270, "texture": "#0"},
				"south": {"uv": [0, 8.5, 1.5, 10], "texture": "#0"},
				"west": {"uv": [0, 10, 1.5, 11], "rotation": 90, "texture": "#0"},
				"up": {"uv": [0, 10, 1.5, 11], "rotation": 180, "texture": "#0"},
				"down": {"uv": [0, 10, 1.5, 11], "texture": "#0"}
			}
		},
		{
			"from": [6, -0.5, 3.5],
			"to": [9, 1.5, 6.5],
			"rotation": {"angle": -22.5, "axis": "x", "origin": [9.5, -0.5, 5]},
			"faces": {
				"north": {"uv": [0, 10, 1.5, 11], "texture": "#0"},
				"east": {"uv": [0, 10, 1.5, 11], "texture": "#0"},
				"south": {"uv": [0, 10, 1.5, 11], "texture": "#0"},
				"west": {"uv": [0, 10, 1.5, 11], "texture": "#0"},
				"up": {"uv": [0, 8.5, 1.5, 10], "texture": "#0"},
				"down": {"uv": [1.5, 8.5, 3, 10], "texture": "#0"}
			}
		},
		{
			"from": [5, 6, 3.9],
			"to": [8, 9, 5.9],
			"rotation": {"angle": 45, "axis": "x", "origin": [8, 8, 6]},
			"faces": {
				"north": {"uv": [4, 8.5, 5.5, 10], "texture": "#0"},
				"east": {"uv": [4, 10, 5.5, 11], "rotation": 90, "texture": "#0"},
				"south": {"uv": [5.5, 8.5, 7, 10], "texture": "#0"},
				"west": {"uv": [4, 10, 5.5, 11], "rotation": 270, "texture": "#0"},
				"up": {"uv": [4, 10, 5.5, 11], "texture": "#0"},
				"down": {"uv": [4, 10, 5.5, 11], "rotation": 180, "texture": "#0"}
			}
		},
		{
			"from": [10.5, 2.5, 5],
			"to": [12.5, 5.5, 8],
			"rotation": {"angle": 45, "axis": "z", "origin": [10.5, 3, 6.5]},
			"faces": {
				"north": {"uv": [4, 10, 5.5, 11], "rotation": 270, "texture": "#0"},
				"east": {"uv": [4, 8.5, 5.5, 10], "texture": "#0"},
				"south": {"uv": [4, 10, 5.5, 11], "rotation": 90, "texture": "#0"},
				"west": {"uv": [5.5, 8.5, 7, 10], "texture": "#0"},
				"up": {"uv": [4, 10, 5.5, 11], "rotation": 90, "texture": "#0"},
				"down": {"uv": [4, 10, 5.5, 11], "rotation": 90, "texture": "#0"}
			}
		},
		{
			"from": [7, 9, 7],
			"to": [11, 12, 11],
			"rotation": {"angle": 22.5, "axis": "x", "origin": [7, 9, 9]},
			"faces": {
				"north": {"uv": [0, 13, 2, 14.5], "texture": "#0"},
				"east": {"uv": [0, 13, 2, 14.5], "texture": "#0"},
				"south": {"uv": [0, 13, 2, 14.5], "texture": "#0"},
				"west": {"uv": [0, 13, 2, 14.5], "texture": "#0"},
				"up": {"uv": [0, 11, 2, 13], "rotation": 180, "texture": "#0"},
				"down": {"uv": [2, 11, 4, 13], "rotation": 90, "texture": "#0"}
			}
		},
		{
			"from": [7, -5, 2],
			"to": [7, 3, 14],
			"rotation": {"angle": -45, "axis": "z", "origin": [7, 3, 8]},
			"faces": {
				"north": {"uv": [0, 0, 0, 4], "texture": "#0"},
				"east": {"uv": [0, 0, 6, 4], "texture": "#0"},
				"south": {"uv": [0, 0, 0, 4], "texture": "#0"},
				"west": {"uv": [0, 0, 6, 4], "texture": "#0"},
				"up": {"uv": [0, 0, 6, 0], "rotation": 270, "texture": "#0"},
				"down": {"uv": [0, 0, 6, 0], "rotation": 90, "texture": "#0"}
			}
		},
		{
			"from": [0.8, 0, 8],
			"to": [15.2, 16, 8],
			"rotation": {"angle": -45, "axis": "y", "origin": [8, 0, 8], "rescale": true},
			"faces": {
				"north": {"uv": [8, 0, 16, 8], "texture": "#0"},
				"east": {"uv": [0, 0, 0, 8], "texture": "#0"},
				"south": {"uv": [8, 0, 16, 8], "texture": "#0"},
				"west": {"uv": [0, 0, 0, 8], "texture": "#0"},
				"up": {"uv": [0, 0, 8, 0], "texture": "#0"},
				"down": {"uv": [0, 0, 8, 0], "texture": "#0"}
			}
		},
		{
			"from": [0.8, 0, 8],
			"to": [15.2, 16, 8],
			"rotation": {"angle": 45, "axis": "y", "origin": [8, 0, 8], "rescale": true},
			"faces": {
				"north": {"uv": [8, 0, 16, 8], "texture": "#0"},
				"east": {"uv": [0, 0, 0, 8], "texture": "#0"},
				"south": {"uv": [8, 0, 16, 8], "texture": "#0"},
				"west": {"uv": [0, 0, 0, 8], "texture": "#0"},
				"up": {"uv": [0, 0, 8, 0], "texture": "#0"},
				"down": {"uv": [0, 0, 8, 0], "texture": "#0"}
			}
		}
	],
	"groups": [
		{
			"name": "top",
			"origin": [8, 16, 8],
			"color": 0,
			"children": [0, 1, 2, 3, 4, 5, 6, 7, 8, 9, 10, 11, 12, 13, 14]
		}
	]
}