{
	"credit": "Made with Blockbench",
	"ambientocclusion": false,
	"textures": {
		"0": "block/sunflower_leaves",
		"2": "block/sunflower_head",
		"3": "block/sunflower_back",
		"particle": "item/sunflower"
	},
	"elements": [
		{
			"from": [3.5, 8, -2],
			"to": [11.5, 8, 8],
			"rotation": {"angle": 45, "axis": "x", "origin": [6.5, 8, 8]},
			"faces": {
				"north": {"uv": [8, 6, 16, 16], "rotation": 270, "texture": "#0"},
				"east": {"uv": [8, 6, 16, 16], "rotation": 270, "texture": "#0"},
				"south": {"uv": [8, 6, 16, 16], "rotation": 270, "texture": "#0"},
				"west": {"uv": [8, 6, 16, 16], "rotation": 270, "texture": "#0"},
				"up": {"uv": [8, 6, 16, 16], "texture": "#0"},
				"down": {"uv": [8, 6, 16, 16], "rotation": 180, "texture": "#0"}
			}
		},
		{
			"from": [3.5, 8, 8],
			"to": [11.5, 8, 18],
			"rotation": {"angle": -45, "axis": "x", "origin": [6.5, 8, 8]},
			"faces": {
				"north": {"uv": [8, 6, 16, 16], "rotation": 90, "texture": "#0"},
				"east": {"uv": [8, 6, 16, 16], "rotation": 90, "texture": "#0"},
				"south": {"uv": [8, 6, 16, 16], "rotation": 90, "texture": "#0"},
				"west": {"uv": [8, 6, 16, 16], "rotation": 90, "texture": "#0"},
				"up": {"uv": [8, 6, 16, 16], "rotation": 180, "texture": "#0"},
				"down": {"uv": [8, 6, 16, 16], "texture": "#0"}
			}
		},
		{
			"from": [-1.5, 6, 4],
			"to": [8.5, 6, 12],
			"rotation": {"angle": -22.5, "axis": "z", "origin": [8, 6, 8]},
			"faces": {
				"north": {"uv": [8, 6, 16, 16], "rotation": 180, "texture": "#0"},
				"east": {"uv": [8, 6, 16, 16], "rotation": 180, "texture": "#0"},
				"south": {"uv": [8, 6, 16, 16], "rotation": 180, "texture": "#0"},
				"west": {"uv": [8, 6, 16, 16], "rotation": 180, "texture": "#0"},
				"up": {"uv": [8, 6, 16, 16], "rotation": 270, "texture": "#0"},
				"down": {"uv": [8, 16, 16, 6], "rotation": 90, "texture": "#0"}
			}
		},
		{
			"from": [-1.5, 3, 4],
			"to": [8.5, 3, 12],
			"rotation": {"angle": 22.5, "axis": "z", "origin": [8, 3, 8]},
			"faces": {
				"north": {"uv": [8, 6, 16, 16], "rotation": 180, "texture": "#0"},
				"east": {"uv": [8, 6, 16, 16], "rotation": 180, "texture": "#0"},
				"south": {"uv": [8, 6, 16, 16], "rotation": 180, "texture": "#0"},
				"west": {"uv": [8, 6, 16, 16], "rotation": 180, "texture": "#0"},
				"up": {"uv": [16, 6, 8, 16], "rotation": 270, "texture": "#0"},
				"down": {"uv": [16, 16, 8, 6], "rotation": 90, "texture": "#0"}
			}
		},
		{
			"from": [9, 9, 5],
			"to": [11, 15, 11],
			"rotation": {"angle": 0, "axis": "y", "origin": [9, 10.25, 8]},
			"faces": {
				"north": {"uv": [12, 2, 6, 4], "rotation": 270, "texture": "#2"},
				"east": {"uv": [0, 0, 6, 6], "texture": "#2"},
				"south": {"uv": [6, 2, 12, 4], "rotation": 90, "texture": "#2"},
				"west": {"uv": [10, 10, 16, 16], "texture": "#2"},
				"up": {"uv": [6, 2, 12, 4], "rotation": 90, "texture": "#2"},
				"down": {"uv": [6, 0, 12, 2], "rotation": 90, "texture": "#2"}
			}
		},
		{
			"from": [10, 7, 3],
			"to": [10, 17, 13],
			"rotation": {"angle": 0, "axis": "y", "origin": [9, 10.25, 8]},
			"faces": {
				"north": {"uv": [3, 3, 13, 13], "texture": "#3"},
				"east": {"uv": [3, 3, 13, 13], "texture": "#3"},
				"south": {"uv": [3, 3, 13, 13], "texture": "#3"},
				"west": {"uv": [3, 3, 13, 13], "texture": "#3"},
				"up": {"uv": [3, 3, 13, 13], "rotation": 90, "texture": "#3"},
				"down": {"uv": [3, 3, 13, 13], "rotation": 270, "texture": "#3"}
			}
		},
		{
			"from": [10, 4, 3],
			"to": [10, 9, 13],
			"rotation": {"angle": 22.5, "axis": "z", "origin": [10, 9, 8]},
			"faces": {
				"north": {"uv": [0, 6, 10, 11], "rotation": 180, "texture": "#2"},
				"east": {"uv": [0, 6, 10, 11], "rotation": 180, "texture": "#2"},
				"south": {"uv": [0, 6, 10, 11], "rotation": 180, "texture": "#2"},
				"west": {"uv": [0, 6, 10, 11], "rotation": 180, "texture": "#2"},
				"up": {"uv": [0, 6, 10, 11], "rotation": 270, "texture": "#2"},
				"down": {"uv": [0, 6, 10, 11], "rotation": 90, "texture": "#2"}
			}
		},
		{
			"from": [10, 15, 3],
			"to": [10, 20, 13],
			"rotation": {"angle": -22.5, "axis": "z", "origin": [10, 15, 8]},
			"faces": {
				"north": {"uv": [0, 11, 10, 16], "texture": "#2"},
				"east": {"uv": [0, 11, 10, 16], "texture": "#2"},
				"south": {"uv": [0, 11, 10, 16], "texture": "#2"},
				"west": {"uv": [0, 11, 10, 16], "texture": "#2"},
				"up": {"uv": [0, 11, 10, 16], "rotation": 90, "texture": "#2"},
				"down": {"uv": [0, 11, 10, 16], "rotation": 270, "texture": "#2"}
			}
		},
		{
			"from": [10, 7, 0],
			"to": [10, 17, 5],
			"rotation": {"angle": -22.5, "axis": "y", "origin": [10, 12, 5]},
			"faces": {
				"north": {"uv": [0, 6, 10, 11], "rotation": 90, "texture": "#2"},
				"east": {"uv": [0, 6, 10, 11], "rotation": 90, "texture": "#2"},
				"south": {"uv": [0, 6, 10, 11], "rotation": 90, "texture": "#2"},
				"west": {"uv": [0, 11, 10, 6], "rotation": 90, "texture": "#2"},
				"up": {"uv": [0, 6, 10, 11], "rotation": 180, "texture": "#2"},
				"down": {"uv": [0, 6, 10, 11], "texture": "#2"}
			}
		},
		{
			"from": [10, 7, 11],
			"to": [10, 17, 16],
			"rotation": {"angle": 22.5, "axis": "y", "origin": [10, 12, 11]},
			"faces": {
				"north": {"uv": [0, 6, 10, 11], "rotation": 270, "texture": "#2"},
				"east": {"uv": [0, 6, 10, 11], "rotation": 270, "texture": "#2"},
				"south": {"uv": [0, 6, 10, 11], "rotation": 270, "texture": "#2"},
				"west": {"uv": [0, 11, 10, 6], "rotation": 270, "texture": "#2"},
				"up": {"uv": [0, 6, 10, 11], "texture": "#2"},
				"down": {"uv": [0, 6, 10, 11], "rotation": 180, "texture": "#2"}
			}
		}
	],
	"groups": [
		{
			"name": "group",
			"origin": [8, 8, 8],
			"color": 0,
			"children": [
				0,
				1,
				2,
				3,
				{
					"name": "group",
					"origin": [0, 0, 0],
					"color": 0,
					"children": [4, 5, 6, 7, 8, 9]
				}
			]
		}
	]
}