{
	"credit": "Made with Blockbench",
	"ambientocclusion": false,
	"textures": {
		"0": "block/tulip_stem",
		"1": "block/white_tulip_bud",
		"particle": "item/white_tulip"
	},
	"elements": [
		{
			"from": [7, 0, 8],
			"to": [9, 9, 8],
			"rotation": {"angle": 45, "axis": "y", "origin": [8, 4, 8]},
			"faces": {
				"north": {"uv": [14, 7, 16, 16], "texture": "#0"},
				"east": {"uv": [14, 7, 16, 16], "texture": "#0"},
				"south": {"uv": [16, 7, 14, 16], "texture": "#0"},
				"west": {"uv": [14, 7, 16, 16], "texture": "#0"},
				"up": {"uv": [14, 7, 16, 16], "texture": "#0"},
				"down": {"uv": [14, 7, 16, 16], "texture": "#0"}
			}
		},
		{
			"from": [7, 0, 8],
			"to": [9, 9, 8],
			"rotation": {"angle": -45, "axis": "y", "origin": [8, 4, 8]},
			"faces": {
				"north": {"uv": [14, 7, 16, 16], "texture": "#0"},
				"east": {"uv": [14, 7, 16, 16], "texture": "#0"},
				"south": {"uv": [16, 7, 14, 16], "texture": "#0"},
				"west": {"uv": [14, 7, 16, 16], "texture": "#0"},
				"up": {"uv": [14, 7, 16, 16], "texture": "#0"},
				"down": {"uv": [14, 7, 16, 16], "texture": "#0"}
			}
		},
		{
			"from": [6, 9, 6],
			"to": [10, 14, 10],
			"faces": {
				"north": {"uv": [0, 6, 4, 11], "texture": "#1"},
				"east": {"uv": [0, 11, 4, 16], "texture": "#1"},
				"south": {"uv": [4, 11, 8, 16], "texture": "#1"},
				"west": {"uv": [4, 6, 8, 11], "texture": "#1"},
				"up": {"uv": [8, 12, 12, 16], "texture": "#1"},
				"down": {"uv": [8, 8, 12, 12], "texture": "#1"}
			}
		},
		{
			"from": [5.75, 8.95, 5.75],
			"to": [10.25, 14.45, 10.25],
			"faces": {
				"north": {"uv": [12, 0, 16, 5], "texture": "#1"},
				"east": {"uv": [8, 0, 12, 5], "texture": "#1"},
				"south": {"uv": [4, 0, 8, 5], "texture": "#1"},
				"west": {"uv": [12, 5, 16, 10], "texture": "#1"},
				"down": {"uv": [0, 2, 4, 6], "texture": "#1"}
			}
		},
		{
			"from": [10.25, 14.45, 10.25],
			"to": [5.75, 8.95, 5.75],
			"faces": {
				"north": {"uv": [4, 5, 8, 0], "texture": "#1"},
				"east": {"uv": [12, 10, 16, 5], "texture": "#1"},
				"south": {"uv": [12, 5, 16, 0], "texture": "#1"},
				"west": {"uv": [8, 5, 12, 0], "texture": "#1"},
				"up": {"uv": [4, 2, 0, 6], "texture": "#1"}
			}
		},
		{
			"from": [8.75, 3, 6],
			"to": [8.75, 10, 10],
			"rotation": {"angle": -22.5, "axis": "z", "origin": [8.75, 3, 8]},
			"faces": {
				"north": {"uv": [10, 9, 14, 16], "texture": "#0"},
				"east": {"uv": [10, 9, 14, 16], "texture": "#0"},
				"south": {"uv": [10, 9, 14, 16], "texture": "#0"},
				"west": {"uv": [10, 9, 14, 16], "texture": "#0"},
				"up": {"uv": [10, 9, 14, 16], "texture": "#0"},
				"down": {"uv": [10, 9, 14, 16], "texture": "#0"}
			}
		}
	]
}