{"item.flintandsteel.use":{"sounds":[{"name":"fire\/ignite","volume":0.05}],"replace":true,"subtitle":"subtitles.item.flintandsteel.use"},"entity.generic.extinguish_fire":{"sounds":[{"name":"random\/fizz","volume":0.05}],"replace":true,"subtitle":"subtitles.entity.generic.extinguish_fire"},"block.fire.extinguish":{"sounds":[{"name":"random\/fizz","volume":0.05}],"replace":true,"subtitle":"subtitles.block.fire.extinguish"},"entity.player.hurt_on_fire":{"sounds":[{"name":"entity\/player\/hurt\/fire_hurt1","volume":0.05},{"name":"entity\/player\/hurt\/fire_hurt2","volume":0.05},{"name":"entity\/player\/hurt\/fire_hurt3","volume":0.05}],"replace":true,"subtitle":"subtitles.entity.player.hurt_on_fire"},"block.fire.ambient":{"sounds":[{"name":"fire\/fire","volume":0.05}],"replace":true,"subtitle":"subtitles.block.fire.ambient"},"entity.wolf.ambient":{"sounds":[{"name":"mob\/wolf\/bark1","volume":0.05},{"name":"mob\/wolf\/bark2","volume":0.05},{"name":"mob\/wolf\/bark3","volume":0.05}],"replace":true,"subtitle":"subtitles.entity.wolf.ambient"},"entity.wolf.death":{"sounds":[{"name":"mob\/wolf\/death","volume":0.05}],"replace":true,"subtitle":"subtitles.entity.wolf.death"},"entity.wolf.growl":{"sounds":[{"name":"mob\/wolf\/growl1","volume":0.05},{"name":"mob\/wolf\/growl2","volume":0.05},{"name":"mob\/wolf\/growl3","volume":0.05}],"replace":true,"subtitle":"subtitles.entity.wolf.growl"},"entity.wolf.howl":{"sounds":[{"name":"mob\/wolf\/howl1","volume":0.05},{"name":"mob\/wolf\/howl2","volume":0.05}]},"entity.wolf.hurt":{"sounds":[{"name":"mob\/wolf\/hurt1","volume":0.05},{"name":"mob\/wolf\/hurt2","volume":0.05},{"name":"mob\/wolf\/hurt3","volume":0.05}],"replace":true,"subtitle":"subtitles.entity.wolf.hurt"},"entity.wolf.pant":{"sounds":[{"name":"mob\/wolf\/panting","volume":0.05}],"replace":true,"subtitle":"subtitles.entity.wolf.ambient"},"entity.wolf.shake":{"sounds":[{"name":"mob\/wolf\/shake","volume":0.05}],"replace":true,"subtitle":"subtitles.entity.wolf.shake"},"entity.wolf.step":{"sounds":[{"name":"mob\/wolf\/step1","volume":0.05},{"name":"mob\/wolf\/step2","volume":0.05},{"name":"mob\/wolf\/step3","volume":0.05},{"name":"mob\/wolf\/step4","volume":0.05},{"name":"mob\/wolf\/step5","volume":0.05}],"replace":true,"subtitle":"subtitles.block.generic.footsteps"},"entity.wolf.whine":{"sounds":[{"name":"mob\/wolf\/whine","volume":0.05}],"replace":true,"subtitle":"subtitles.entity.wolf.ambient"},"entity.cat.ambient":{"sounds":[{"name":"mob\/cat\/meow1","volume":0.03},{"name":"mob\/cat\/meow2","volume":0.025},{"name":"mob\/cat\/meow3","volume":0.03},{"name":"mob\/cat\/meow4","volume":0.025}],"replace":true,"subtitle":"subtitles.entity.cat.ambient"},"entity.cat.beg_for_food":{"sounds":[{"name":"mob\/cat\/beg1","volume":0.035},{"name":"mob\/cat\/beg2","volume":0.035},{"name":"mob\/cat\/beg3","volume":0.035}],"replace":true,"subtitle":"subtitles.entity.cat.beg_for_food"},"entity.cat.death":{"sounds":[{"name":"mob\/cat\/hitt1","pitch":0.9,"volume":0.0375},{"name":"mob\/cat\/hitt2","pitch":0.9,"volume":0.0375},{"name":"mob\/cat\/hitt3","pitch":0.9,"volume":0.0375}],"replace":true,"subtitle":"subtitles.entity.cat.death"},"entity.cat.eat":{"sounds":[{"name":"mob\/cat\/eat1","volume":0.05},{"name":"mob\/cat\/eat2","volume":0.05}],"replace":true,"subtitle":"subtitles.entity.cat.eat"},"entity.cat.hiss":{"sounds":[{"name":"mob\/cat\/hiss1","volume":0.02},{"name":"mob\/cat\/hiss2","volume":0.02},{"name":"mob\/cat\/hiss3","volume":0.02}],"replace":true,"subtitle":"subtitles.entity.cat.hiss"},"entity.cat.hurt":{"sounds":[{"name":"mob\/cat\/hitt1","volume":0.0325},{"name":"mob\/cat\/hitt2","volume":0.0325},{"name":"mob\/cat\/hitt3","volume":0.0325}],"replace":true,"subtitle":"subtitles.entity.cat.hurt"},"entity.cat.purr":{"sounds":[{"name":"mob\/cat\/purr1","volume":0.035},{"name":"mob\/cat\/purr2","volume":0.035},{"name":"mob\/cat\/purr3","volume":0.035}],"replace":true,"subtitle":"subtitles.entity.cat.purr"},"entity.cat.purreow":{"sounds":[{"name":"mob\/cat\/purreow1","volume":0.025},{"name":"mob\/cat\/purreow2","volume":0.025}],"replace":true,"subtitle":"subtitles.entity.cat.ambient"},"entity.cat.stray_ambient":{"sounds":[{"name":"mob\/cat\/stray\/idle1","volume":0.0175},{"name":"mob\/cat\/stray\/idle2","volume":0.0175},{"name":"mob\/cat\/stray\/idle3","volume":0.0175},{"name":"mob\/cat\/stray\/idle4","volume":0.0175}],"replace":true,"subtitle":"subtitles.entity.cat.ambient"},"entity.bee.death":{"sounds":[{"name":"mob\/bee\/death1","volume":0.05},{"name":"mob\/bee\/death2","volume":0.05}],"replace":true,"subtitle":"subtitles.entity.bee.death"},"entity.bee.hurt":{"sounds":["mob\/bee\/hurt1",{"name":"mob\/bee\/hurt1","pitch":0.06},"mob\/bee\/hurt2",{"name":"mob\/bee\/hurt2","pitch":0.06},"mob\/bee\/hurt3",{"name":"mob\/bee\/hurt3","pitch":0.06}],"replace":true,"subtitle":"subtitles.entity.bee.hurt"},"entity.bee.loop":{"sounds":[{"attenuation_distance":6,"name":"mob\/bee\/loop1","volume":0.03},{"attenuation_distance":6,"name":"mob\/bee\/loop2","volume":0.03},{"attenuation_distance":6,"name":"mob\/bee\/loop3","volume":0.0315},{"attenuation_distance":6,"name":"mob\/bee\/loop4","volume":0.0315},{"attenuation_distance":6,"name":"mob\/bee\/loop5","volume":0.035},{"attenuation_distance":6,"name":"mob\/bee\/loop5","volume":0.0375}],"replace":true,"subtitle":"subtitles.entity.bee.loop"},"entity.bee.loop_aggressive":{"sounds":[{"attenuation_distance":10,"name":"mob\/bee\/aggressive1","volume":0.04},{"attenuation_distance":10,"name":"mob\/bee\/aggressive2","volume":0.04},{"attenuation_distance":10,"name":"mob\/bee\/aggressive3","volume":0.04}],"replace":true,"subtitle":"subtitles.entity.bee.loop_aggressive"},"entity.bee.pollinate":{"sounds":[{"attenuation_distance":12,"name":"mob\/bee\/pollinate1","volume":0.04},{"attenuation_distance":12,"name":"mob\/bee\/pollinate2","volume":0.04},{"attenuation_distance":12,"name":"mob\/bee\/pollinate3","volume":0.04},{"attenuation_distance":12,"name":"mob\/bee\/pollinate4","volume":0.04}],"replace":true,"subtitle":"subtitles.entity.bee.pollinate"},"entity.bee.sting":{"sounds":["mob\/bee\/sting",{"name":"mob\/bee\/sting","pitch":0.04}],"replace":true,"subtitle":"subtitles.entity.bee.sting"},"block.beehive.drip":{"sounds":[{"attenuation_distance":8,"name":"block\/beehive\/drip1","pitch":0.7,"volume":0.015},{"attenuation_distance":8,"name":"block\/beehive\/drip1","pitch":0.9,"volume":0.015},{"attenuation_distance":8,"name":"block\/beehive\/drip2","pitch":0.7,"volume":0.015},{"attenuation_distance":8,"name":"block\/beehive\/drip2","pitch":0.9,"volume":0.015},{"attenuation_distance":8,"name":"block\/beehive\/drip3","pitch":0.7,"volume":0.015},{"attenuation_distance":8,"name":"block\/beehive\/drip3","pitch":0.9,"volume":0.015},{"attenuation_distance":8,"name":"block\/beehive\/drip4","pitch":0.7,"volume":0.015},{"attenuation_distance":8,"name":"block\/beehive\/drip4","pitch":0.9,"volume":0.015},{"attenuation_distance":8,"name":"block\/beehive\/drip5","pitch":0.7,"volume":0.015},{"attenuation_distance":8,"name":"block\/beehive\/drip5","pitch":0.9,"volume":0.015},{"attenuation_distance":8,"name":"block\/beehive\/drip6","pitch":0.7,"volume":0.015},{"attenuation_distance":8,"name":"block\/beehive\/drip6","pitch":0.9,"volume":0.015}],"replace":true,"subtitle":"subtitles.block.beehive.drip"},"block.beehive.enter":{"sounds":[{"attenuation_distance":14,"name":"block\/beehive\/enter","pitch":0.7,"volume":0.05},{"attenuation_distance":14,"name":"block\/beehive\/enter","pitch":0.8,"volume":0.05}],"replace":true,"subtitle":"subtitles.block.beehive.enter"},"block.beehive.exit":{"sounds":[{"attenuation_distance":14,"name":"block\/beehive\/exit","volume":0.05},{"attenuation_distance":14,"name":"block\/beehive\/exit","pitch":0.9,"volume":0.05},{"attenuation_distance":14,"name":"block\/beehive\/exit","pitch":1.1,"volume":0.05}],"replace":true,"subtitle":"subtitles.block.beehive.exit"},"block.beehive.shear":{"sounds":[{"name":"block\/beehive\/shear","volume":0.04},{"name":"block\/beehive\/shear","pitch":0.8,"volume":0.04},{"name":"block\/beehive\/shear","pitch":0.9,"volume":0.04}],"replace":true,"subtitle":"subtitles.block.beehive.shear"},"block.beehive.work":{"sounds":[{"attenuation_distance":12,"name":"block\/beehive\/work1","volume":0.03},{"attenuation_distance":12,"name":"block\/beehive\/work2","volume":0.03},{"attenuation_distance":12,"name":"block\/beehive\/work3","volume":0.03},{"attenuation_distance":12,"name":"block\/beehive\/work4","volume":0.03}],"replace":true,"subtitle":"subtitles.block.beehive.work"}}